INPE,Pharmacie_Name,address,city
102061710,PHARMACIE ASSEHA,"RESIDENCE ADDOUHA, TABRIQUET",SALE
62060645,PHARMACIE CHADLI,N120 LOT EL WAHDA II,SETTAT
102063047,PHARMACIE CHERKAWA,"133 RUE TOULAITILA AVENUE ALLAL BEN ABDELLAH, QUERTIER AL ANDALOUS",TEMARA
102062635,PHARMACIE DALIA,61 LOTISSEMENT DALIA,TIFLET
72062367,PHARMACIE DU CONSULAT,"ANGLE RUE OMAR IBN HATTAB ET ABOUBAKER ESSADIK, GUELIZ",MARRAKECH
102042470,PHARMACIE MESKELLIL,"RESIDENCE MESKELLIL, IMMEUBLE 3 N°1, HAY RIAD",RABAT
102047644,PHARMACIE OUM KELTOUM,"122 AVENUE DU CAIRE, HAY COMATRAV",TEMARA
102038254,PHARMACIE RENAISSANCE,356 BOULEVARD MOHAMMED V,RABAT
102003662,PHARMACIE ALANDALOUS,131 AVENUE MOHAMED VI SOUISSI,RABAT
92024173,PHARMACIE EL HAY,"DAR LAMANE, BLOC P, MAGA. N°6, HAY MOHAMMADI",CASABLANCA
102044591,PHARMACIE NAIMI,"844 HAY MAGHREB EL ARABI, MASSIRA II, AVENUE ADARISSA",TEMARA
62005749,PHARMACIE AL HOURRIA,3 BOULEVARD MOHAMMED V,SETTAT
102001401,PHARMACIE ACHOUHADAA,"425 AVENUE CHOUHADAA, SECTEUR 2 HAY SALMA",SALE
102060696,PHARMACIE DES ECOLES,"SECTEUR 22, K‐5, HAY RIAD",RABAT
102045028,PHARMACIE NASSIM RYAD,"SECTEUR 21, N 47 AVENUE ASSANAOUBAR, BLOC O, HAY RYAD",RABAT
102041019,PHARMACIE DU MAIL CENTRAL,"SECTEUR 9 ILOT 17, LOT 4, HAY RIAD",RABAT
102054780,PHARMACIE SOUNDOUS,3 HAMEAU AMAL GUICH OUDAYA,RABAT
132062480,PHARMACIE HAY LAOUIJA,"N 14, RUE 5, LAMSALA",MEKNES
102025756,PHARMACIE ELMOUMEN,28 BOULEVARD ZERKTOUNI HAY NAHDA I,TEMARA
102062676,PHARMACIE RELAIS DES MEDECINS,"ADILOT 1 BM010 RYAD AL ANDALOUS, AVENUE ABDERRAHIM BOUABID MAGASIN 10 HAY RIAD",RABAT
162015960,PHARMACIE BISMIALLAH,12 AVENUE DRISS 1er RESIDENCE EL KHEIR,TANGER
42060905,PHARMACIE ELOUAZZANY,"RESIDENCE FAL OUMLIL , N 206 HAY MOHAMMADI",AGADIR
102009636,PHARMACIE AMAR,15 LOTISSEMENT NEJJAR AVENUE MOHAMMED V TABRIQUET,SALE
92060508,PHARMACIE OUADOUDY,"HAY NASSIM, IMM 400 N° 2, LISSASFA",CASABLANCA
102008331,PHARMACIE EL MOUSTAOUCEF,"74 HAY MAGHREB EL ARABI, RUE SEBTA BLOC D MASSIRA II",TEMARA
102045978,PHARMACIE DE L'AVENUE D'ALGER,"19 AVENUE D'ALGER , HASSAN",RABAT
142060672,PHARMACIE BENNOUNA,273 RUE IBN DERRAJ SEBTI HAY BADR,FES
52060456,PHARMACIE ALAZHAR,BIR RAMI EST N° 515,KENITRA
102036886,PHARMACIE KOUNOUZ,"RESIDENCE AL ARZ, IMM D, AVENUE AL ARZ, HAY RIAD",RABAT
82024480,PHARMACIE ELJABRI,77 BOULEVARD MOULAY ABDELLAH,TAOURIRT
92049949,PHARMACIE RAIS,"62 RUE DE LA MER BALTIQUE, AIN DIAB",CASABLANCA
102003191,PHARMACIE ALAHAD,"38 BIS RUE OUED GHRIS SECTEUR 3 , HAY SAFAE KARIA",SALE
132062571,PHARMACIE SQUALLI,"N 20 MARJANE 1, TRANCHE 1",MEKNES
72033350,PHARMACIE IBN TOFAIL,"1 ANGLE RUEN IBN ZAIDOUN ET AV DERRAQ , GUELIZ",MARRAKECH
102063351,PHARMACIE DAKAR,68 HAY NASR AMICAL AL MOSTAQBAL,TEMARA
92028331,PHARMACIE FARIS,928 BOULEVAR MOHAMMED VI ROUTE DE MEDIOUNA,CASABLANCA
92049337,PHARMACIE LE PRINTEMPS,10 RUE AHMED FARISS,CASABLANCA
142062413,PHARMACIE ALIKHWA,"ROUTE AIN CHKEF, RCE MARBELLA LOT 3 IMM 28, MAGASIN N1",FES
062000591,PHARMACIE 2000,22 BOULEVARD MOHAMMED V,BERRECHID
062023759,PHARMACIE EL GARA,18 RUE DES CEREALISTES,EL GARA
072051279,PHARMACIE ALIMANE,"1592 LOTISSEMENT MAATALLAH, M HAMID",MARRAKECH
082037185,PHARMACIE LA CLINIQUE,32 BOULEVARD MOHAMMED BELKHDAR,OUJDA
102056280,PHARMACIE ETISSIR,19 AVENUE DE LA BASE AERIENNE. HAY INBIAT PHARMACIE ETTISSIR,SALE
082025370,PHARMACIE ELMASSIRA,67 RUE CHOUHADAA HAY EL HASSANI,BERKANE
132062704,PHARMACIE OCEAN,"N6, TRANCHE 6 RESIDENCE SIJILMASSA",MEKNES
042010975,PHARMACIE ARGANE,"37 RUE IBN ATTIA, ERAC BOUIRGANE",AGADIR
102051620,PHARMACIE SAFIYA,"2 AVENUE ANNAKHIL SECTEUR 8, HAY RIAD",RABAT
142032523,PHARMACIE IBN HAYTAM,"104 BOULEVARD KAIRAOUAN, NARJIS",FES
102025772,PHARMACIE ELMOUNA,"9 RUE IBN TAIMIA, LOTISSEMENT EL KORA,AVENUE CHBANAT CITE YACOUB EL MANSOUR",RABAT
102015369,PHARMACIE BENSAID,"23 AVENUE BIS PRINCE HERITIER SIDI MED, KARIATOULAD MOUSSA",SALE
102036225,PHARMACIE KASRY,"90 HAY AMAL 5, COMPLEMENTARIE, CYM, HAY EL FATH",RABAT
092039536,PHARMACIE LAMORICIERE,33 RUE TARABLOUS,CASABLANCA
102062932,PHARMACIE LAFROUGI,1229 RUE LAFKIH BEN SALEH HAY INBIAT,SALE
092060516,PHARMACIE ELRHAZI,N 25/26 GH 18 RIAD EL OULFA,CASABLANCA
102006756,PHARMACIE ALKHAWARIZMI,"1180 AVENUE EL MENZEH, Hay EL MENZEH CYM",RABAT
42061986,PHARMACIE TASSOMAATE,"10 Boulevard Mohammed V, Tassomaate",OUARZAZATE
162029177,PHARMACIE GHARNATA,19 Avenue Hassan II,LARACHE
102061876,PHARMACIE ZONE INDUSTRIELLE,"1637 Ouled zaer, Ain Aouda",TEMARA
132030529,PHARMACIE HASSAN PREMIER,"Avenue Hassan 1er, Résidence 20 Aout, Ville nouvelle",MEKNES
052007663,PHARMACIE ALMASJID,26 Avenue de la RESISTANCE,KENITRA
102004322,PHARMACIE ALBOUCHRA,"511 Avenue AL MAJD , BLOC B , AMAL 2 , CYM",RABAT
082061474,PHARMACIE ERRACHAD,731 LOTISSEMENT EL MASSIRA,TAOURIRT
042062885,PHARMACIE IMAM MALIK,"LOT N 852 , LOTISSEMENT MSQUINA ,DRARGA",AGADIR IDA OUTANANE
072039449,PHARMACIE LAMCELLA,"123 AVENUE DES ECOLES , SYBALI",MARRAKECH
092009984,PHARMACIE ANAFE,37 RUE FELIX EL MAX GUEDJ,CASABLANCA
142062439,PHARMACIE ALKHATTABI,"LOTISSEMENT DALILA RCE AL FIRDAOUS N6 , IMM 5 , ZWAGHA",FES
142027416,PHARMACIE ESSALAM,"LOTISSEMENT TAJ,AIN KADOUS HAY ESSALAM",FES
152010021,PHARMACIE ENNACER,AVENUE ENNACER BP 67,TAZA
092056290,PHARMACIE TISSIR II,58 AVENUE A HAY TISSIR HAY MOHAMMADI,CASABLANCA
102025988,PHARMACIE ELOUMNIA,"81 AVENUE MOHAMED VI , ROUTE ZAERS",RABAT
102037272,PHARMACIE DE LA COTE,"15 SECTEUR AO , AVENUE ELKIFAH , YACOUB EL MANSOUR",RABAT
162045470,PHARMACIE NOUVELLE,"HAY AL OUROUBA MRINA , RUE 16 , N 8",LARACHE
102036274,PHARMACIE AL KAWTAR,"18 RUE INBIAT , BOUITAT",RABAT
102062601,PHARMACIE ABI HOURAIRA,"15 AVENUE DU CAIRE , LOT ABI HOURAIRA",SKHIRATE
102057924,PHARMACIE ZAKARIA,"1262 SECTEUR C,HAY ERRAHMA",SALE
102031937,PHARMACIE DE L HOPITAL,"SECTEUR D , N° 777 , HAY ERRAHMA",SALE
102011541,PHARMACIE ASSABAH,"RESIDENCE ESSABAH , LOT 7 C3 , IMM IMILCHIL , CYM",RABAT
092013572,PHARMACIE BACHKOU,ERAC BACHKOU ILLOT A IMM N° 47‐48,CASABLANCA
102017464,PHARMACIE CENTRALE,"55 BLOC N°1 , ROMMANI CENTRE",KHEMISSET
092020197,PHARMACIE DAHBI,"BLOC 66 , N 13 , BIS 2 SIDI OTHMANE",CASABLANCA
092051952,PHARMACIE SALAHEDDINE,756 BOULEVARD OUED SEBOU .HAY OULFA,CASABLANCA
092018357,PHARMACIE CHAOUI,497 BOULEVARD EL FIDA,CASABLANCA
072032402,PHARMACIE IBN BITAR,"634 AVENUE MOHAMED BEN HASSAN EL OUAZZANI , HAY TARGA",MARRAKECH
102006558,PHARMACIE AL KASBA,"Marche Municipal, Route cotière sidi Moussa",SALE
102005972,PHARMACIE ALIKHLAS,"Boulevard Mohammed V, Imm 265, N ° 5 Lotissement Frougui sghir, Dar El Hamra",SALE
102027117,PHARMACIE L'ESPOIR,3456 Hay Maghrib El Arabi,TEMARA
102017860,PHARMACIE CENTRALE,"Angle Av Sidi Mohammed Ben El Hassan Et Av Hassan II, Imm 44",SALE
072016900,PHARMACIE BOUSSEKRI,"ARSET BEL BARAKA, AVENUE CADI AYYAD N ,67",MARRAKECH
102063757,PHARMACIE REGRAGUI,"42 RESIDENC ATTAWFIK, PLAGE HARHOURA",RABAT
142064872,PHARMACIE ALALIA,"25 LOTISSEMENT NASSIME, ROUTE AIN CHKEF",FES
072063720,PHARMACIE ALMARIFA,"BOULVEVARD PRINCE MOULAY ABDELLAH, IMM ZAHRA 3, GUELIZ",MARRAKECH
102016805,PHARMACIE BOUREGREG,"120 BLOC 60, SECTEUR B, YOUSSOUFIA",RABAT
092063940,PHARMACIE SAMI,"ROUTE NATIONALE N 9, LOT87, LOTISSEMENT ANNAIM",CASABLANCA
102062296,PHARMACIE MY ALI CHRIF,468 AVENUE MOULAY ALI CHRIF,RABAT
142013069,PHARMACIE AZZOUZI,"47 AVENUE AL WAHDA, NARJISS B",FES
102061140,PHARMACIE JNANE ENAHDA,"RESIDANCE JNANE ENNAHDA, G1, IMM 8, N6",RABAT
082055427,PHARMACIE TALT SKAKI,15 RUE BIS OULAD AISSA,OUJDA
092020742,PHARMACIE DU MARCHE CENTRAL,152 BOULEVARD MOHAMED V,CASABLANCA
092062835,PHARMACIE CAMYA,"LOTISSMANT LINA,LOT N316, RU 13 N1, SIDI MAAROUF",CASABLANCA
072061161,PHARMACIE ALMASJID,"LOT4, GH15/E1, PARC YASSMINE GROUPE JAMAI TAMANSOURT, HARBIL",MARRAKECH
102062114,PHARMACIE MALKIA,MALKIA DOUAR BRAHMA BOUKNADEL ROUTE KENITRA,SALE
102019601,PHARMACIE CITE ROYALE,"AVENUE ATLAS, N8, SALE JADIDA",SALE
092063346,PHARMACIE ABDELHAK,DOUAR LAHLALFA CHARKIA,CASABLANCA
092042654,PHARMACIE MILAD,"283 BOULEVARD SIDI ABDRRAHMANE CIL, HAY HASSANI, AIN CHOK",CASABLANCA
092042456,PHARMACIE MERYEM,19 BOULEVEVARD IBN SINA,CASABLANCA
132019043,PHARMACIE CHIFAA,3 LOTISSEMENT EDDAHBIA. BOUFEKRANE,MEKNES
162062764,PHARMACIE LA CASSIA,"COMPLEXE LA CASSIA B4, CABO NEGRO",M'DIQ
162016208,PHARMACIE BORAS,"AVENUE EL KHARRAZ RUE 4, N4, TOUABEL",TETOUAN
162016612,PHARMACIE BOUJARRAH,"JBEL BOUGHAFER, RUE N7, BOUJARRAH",TETOUAN
042063933,PHARMACIE ALADOUIYA,"31 LOTISSEENT A, ZAITOUNE, ROUTE PRINCIPALE TIKIOUINE",AGADIR
162015069,PHARMACIE BENI OURIAGUEL,"N°128 B, BENI OURIAGUEL 1, ROUTE PRINCIPALE SIDI IDRISS, BNDIBANE",TANGER
042062547,PHARMACIE AL MOUSSALA,"N 550, HAY AL WAHDA",OUARZAZATE
092028208,PHARMACIE FAOUZ,"138 BOULEVARD DAKHLA, JAMILA5, CITE DJEMAA",CASABLANCA
102037744,PHARMACIE LA MARNE,42 RUE PATRICE LUMUMBA,RABAT
092041169,PHARMACIE MAMOUNIA,"20 PLACE SIDI MOHAED, CASA VOYAGEUR, BELVEDRE",CASABLANCA
092031046,PHARMACIE HAY KARAM,"98 AVENUE BIS C, HAY KARAM. SIDI BERNOUSSI",CASABLANCA
102062718,PHARMACIE DOUM,"AVENUE GOUNDAFA, PARTI 21162126213 HAY ABI REGRAG, YOUSSOUFIA",RABAT
102028586,PHARMACIE FETHI,39 RUE EL MENZEL SECT 4 HAY EL AMAL KOM,SALE
082024340,PHARMACIE ALHOUDOUD,"193 BOULEVARD MOHAMED 5, ROUTE MAGNIA",OUJDA
102003522,PHARMACIE ALOE‐VERA,"443HAY BIS AMAL 5 MASSIRA CYM, HAY EL FATH",RABAT
102055183,PHARMACIE TAHIRI,"LOTISSEMENT SAID HAJJI, RESIDANCE AL BOUSTANE 4, APPT G4R4",SALE
092064146,PHARMACIE DYAR ALWAFAA,"LOTISSEMENT OULD HARRE N46, BD OKBA IBNOU NAFII, BOURNAZEL",CASABLANCA
102013935,PHARMACIE BAKALI,AVENUE ALLAL BEN ABDELLAH N° 8 HAY NAHDA 2,TEMARA
092027168,PHARMACIE ES‐SAADA,"2 AVENUE ALI YATA, HAY MOHAMMED I",CASABLANCA
102015542,PHARMACIE BERBICH,12 AVENUE AL GHAZALI LES ORANGERS,RABAT
092001197,PHARMACIE ABOUZAID,"RUE 36, N°4 MASSIRA II, BOURNAZL",CASABLANCA
102034642,PHARMACIE INBIAT,"31 AVENUE ESSALAM DOUAR CHEIKH LAMFADAL HAY INBIAT, TABRIQUET",SALE
102063609,PHARMACIE MAIL CENTRAL,"AVENUE ALWAHDA, IMM 1A, COMMERCE N°1, SALA AL JADIDA",SALE
1020063591,PHARMACIE GUELZIM,"HAY NAHDA 1, GR 6, N°504, GROUPE AL AAHAD",RABAT
102063617,PHARMACIE L’AMITIE,"PROJET ANNASR, GH 49, C 149",TEMARA
42001941,PHARMACIE AGHARASS,"95 AVENUE ALLAL EL FASSI, BOUARGANE",AGADIR
102062288,PHARMACIE LES URGENCES,AVENUE AL FOURATE LOTISSEENT MELOUIA,TEMARA
102008281,PHARMACIE ALMOUNTALAK,"23 CITE AL MOUNTALAK, HAY FATH CYM",RABAT
102028933,PHARMACIE GALIEN,"ANGLE BD MOHAMED BELHASSAN EL OUAZZANI ET RUE SANHAJA, SOUISSI",RABAT
102028545,PHARMACIE FENNICH,"7 AVENUE HASSANI, BAB M SADAK",SALE
042054338,PHARMACIE SOLEIL,"AVENUE KENNEDY, IMM.ANOUAR. TALBORDJT",AGADIR
152007498,PHARMACIE ALMASJID,105 AVENUE BIR ANZARANE,TAZA
062044219,PHARMACIE MOTAOUAKIL,"9 BOULEVARD HASSAN II, IMMEUBLE AL AHRAM",SETTAT
102058344,PHARMACIE ZIADY,"AV ESSALAM, 2 BIS, SECTEUR B OUEST, CYM 10050",RABAT
152064275,PHARMACIE NEKOR,"CTRE SIDI BOUAFIF, B.P 282 32000",AL HOCEIMA
122058001,PHARMACIE ZANANE,414 MOHAMED V 23000,BENI MELLAL
102020153,PHARMACIE DAHAB,"47 lot EL HOURIYA, TABRIQUET 11000",SALE
162062665,PHARMACIE ATLAS,"51 AV DAKHLA,MSELLA, QUARTIER ATLAS 93000",TETOUAN
162001143,PHARMACIE ABOUBAKR SEDDIK,"363 QUA DERSA TETOUAN, BOULEVARD ABOU BAKR SEDDIK 93000",TETOUAN
102037405,PHARMACIE DE LA FAMILLE,"16 BD TARIK IBN ZYAD, HAY AL MAGHRIB AL ARABI 12000",TEMARA
092001734,PHARMACIE AFAK,"220 BLC RUE 6 N74, HAY MOHAMMEDI 20350",CASABLANCA
102041290,PHARMACIE DU MARCHE,"AV MOHAMED V, HAY NAHDA 1, IMMEUBLE N°1 12000",TEMARA
072012891,PHARMACIE AZLI,"QUA AZLI, ROUTE D ESSAOUIRA 40000",MARRAKECH
052047362,PHARMACIE OULED OUJIH,283 BLC C OULED OUJIH 14000,KENITRA
052022449,PHARMACIE LE VILLAGE,CTRE N 5 ET 6 DAR BEL AMRI 14200,SIDI SLIMANE
062031679,PHARMACIE HOPITAL,17 BD DE L HOPITAL. CITE DAKHLA 25000,KHOURIBGA
102025418,PHARMACIE ALMASSIRA,"AV LA MARCHE VERTE HAY AL WAHDA, SECTEUR 7, BENI MOUSTARA, KARIAT OULAD MOUSSA 11004",SALE
062018197,PHARMACIE CHADI,33 BD IBN KHALDOUNE 13000,BENSLIMANE
162050660,GRANDE PHARMACIE RIF,"17 AV MLY ALI CHRIF, BENI MAKADA 90000",TANGER
102024965,PHARMACIE ELKOUAS,"732 AV MASSIRA EL KHADRA, SECTEUR J5, CYM 10050",RABAT
142039775,PHARMACIE LE DOCTEUR,"73 AV ANWAL, NARJIS D 30000",FES
082032822,PHARMACIE IBN ROCHD,BD MOHAMED V 8 PLACE DE LA DOUANE 60000,OUJDA
092033034,PHARMACIE IBN SINA,"319 BD CHOUHADA, HAY MOHAMMEDI 20350",CASABLANCA
142028638,PHARMACIE MOURCHID,"2 BD TTADHIA, NARJISS C 30000",FES
042040006,PHARMACIE LA LIBERTE,"AV BIR ANZARANE, ROUTE PRINCIPALE DCHIRA 80000",AGADIR
102050804,PHARMACIE RIZK,7 AV N6 NOVEMBRE 11000,SALE
102062148,PHARMACIE LOTISSEMENT ABDELLAH,"BLC EL MORAH, N 40 TABRIQUET 11000",SALE
102050796,PHARMACIE RIYAD,"8 AV ANNAKHIL, CENTRE COMM, RIYAD 1, SECTEUR 21 , HAY RIAD 10100",RABAT
052031499,PHARMACIE HIND,"1114 AV ABDELMAJID BEN CHEKROUN, CITE HIND 14300",SOUK EL ARBAA
032062689,PHARMACIE DE LA RESISTANCE,83 AV DE LA RESISTANCES 82000,TAN TAN
142064633,PHARMACIE TAHA,LOT EL HADIKA N 242 ZC 30000,FES
102004546,PHARMACIE ALFAJR,"622 AV MOULAY ALI CHERIF, MASSIRA I 12000",TEMARA
152061578,PHARMACIE CALABONITA,RUE HAY CALABONITA RESIDENCE FIRDAWS 32000,AL HOCEIMA
102037777,PHARMACIE LA MEDINA,6 RUE BAB CHELLAH 10000,RABAT
102012978,PHARMACIE AZ‐ZAHRA,"7 RUE BIS OUED ROMANE, HAY AL INBIAT 11000",SALE
102006848,PHARMACIE ALKIFAH,BD AL KIFAH CYM 26 D.A 10050,RABAT
122060882,PHARMACIE DAHBI,"16 RES NOURANE, BOULEVARD DES FAR 23000",BENI MELLAL
042035154,PHARMACIE JAMAA LKBIR,AV AL MOSTAQBAL QUARTIER BENYARA 83000,TAROUDANT
142002534,PHARMACIE AIN KADDOUS,2ANG 204 ET 251 AIN KADDOUS,FES
142016054,PHARMACIE BISMILLAH,674 HAY WAHDA BENSOUDA,FES
142064385,PHARMACIE ROUTE DIMMOUZER,51 AV MOULAY ABDELLAH ROUTE DIMMOUZER,FES
142031038,PHARMACIE HAY JDID,788 RUE 33 ZOUAGHA HAUT HAY JDID,FES
142058536,PHARMACIE ZKAK LAHJAR,107 RUE LAHJAR FES MEDINA,FES
142057421,PHARMACIE YASMINE,346 BD D'ORAN MT FLEURI 1,FES
142053388,PHARMACIE SIDI BRAHIM,13 BLC N°8 HAY QODS ERAC,FES
142064260,PHARMACIE L'OPERA,5 LOT N° 94 AIT SKATTO ATLAS,FES
142053123,PHARMACIE AHMED TADLI,318 AV ABDELKRIM EL KHATTABI,SEFROU
142047588,PHARMACIE OUM ELKOURA,41 RUE 6 HAY JDID ZOUAGHA HAUT,FES
142038819,PHARMACIE LA VICTOIRE,"9 RUE ABI HORAIRA,ZOHOR 1",FES
142064310,PHARMACIE AIN AAMIR,"37 RUE EL FILAHA,HAY ANESS 3",FES
142034818,PHARMACIE L'IRIS,"19 AV BINZERTE,ROUTE D'IMOUZZER",FES
142011329,PHARMACIE ARRAZI,ANG BOULEVARD MLY HICHAM ET ROUTE IMMOUZER,FES
142015254,PHARMACIE BENNANI,73 RUE 4 HAY TARIK 1,FES
142016112,PHARMACIE BLED SKALIA,1 RUE B4 SEHB ELWARD,FES
142064781,PHARMACIE MOUSSAOUI,"32 RUE 8 BLOC E, ELMARJA, OUED FES",FES
142064757,PHARMACIE OMARI,"4 RUE N°27 ,HAY SAADA",FES
142064765,PHARMACIE IBN HAZM,"290 RUE EL AMAL, CITE OUAFA II",FES
142065002,PHARMACIE LE PALAIS,"15 AV OMAR IBN KHATTAB, HAY TARIK 1",FES
142064641,PHARMACIE FLORIDA,"1 HAY ANASS 3,ROUTE AIN CHKEF",FES
142021013,PHARMACIE DERB EL WARD,"AV IBN EL KHATIB LOT BEAUSEJOUR, ROUTE AIN CHKEF,RESIDENCE AL KAWTAR",FES
142022854,PHARMACIE AL AMAL,1 RUE CARRIERE BEN DEBBAB,FES
142001767,PHARMACIE AFIFA,AV IBN EL ATIR RES ANNOUR ROUTE AIN CHKEF,FES
142020767,PHARMACIE DE France,46 AV HASSAN II,FES
142064369,PHARMACIE JARDIN DE TGHAT,18 COM AL ANDALOUS JBEL TGHAT OUED FES,FES
142031020,PHARMACIE HAY HASSANI,BLOC C1 N°4 HAY EL HASSANI ERAC SIDI BRAHIM,FES
142058569,PHARMACIE ZOHOUR,56 AV SOUSSA RUE ALBANIA ZOHOUR II,FES
142064948,PHARMACIE EL GHAZI,LOT JAD 236 OUED FES,FES
142046622,PHARMACIE OUADRHIRI,2 RUE BADR CHAKIR AV ALLAL BEN ABDELLAH,FES
142043082,PHARMACIE MOULAY EL KAMEL,AV PRINCE HERITIER CHAMPS DES COURSE,FES
142052091,PHARMACIE ASSALAMAH,"7 JORDANIE, V N",FES
142008671,PHARMACIE AL QODS,"BENSOUDA,RUE PRINCIPAL",FES
142026160,PHARMACIE EL WARDI,"HAY OUED FES LOT 1821,AIN KADOUS",FES
142064773,PHARMACIE AL HAMD,"3 LOT AMALI,EL MARJA,ZOUAGHA SOUFLA",FES
142064435,PHARMACIE DE PARIS,156 AV ORAN RUE DE PARIS MONT FLEURI I,FES
142016963,PHARMACIE BOUZIANE,40 JNANE BENKIRANE,FES
142064443,PHARMACIE EL MAMMERY,LOT AL MADINA 28 ROUTE BENSOUDA,FES
142064617,PHARMACIE AIN CHKEF,3 CTRE AIN CHKEF,FES
142004688,PHARMACIE AL FARABI,LOT HAJOUI EL MASSIRA A DOKKARAT,FES
142048362,PHARMACIE PASTEUR,LOT C1 HAY ESSALAM BOURKAIZ,FES
082064650,PHARMACIE EL MTALSA,AINE ZOHRA CENTRE,DRIOUCH
142050087,PHARMACIE RAVIN,26 RUE OMAR CHARIF EL IDRISSI V.N,FES
142054790,PHARMACIE SOUNNI,HAY EL ADARISSA IMM 17 N°3 ROUTEAIN CHKEF,FES
142054774,PHARMACIE SOUNSOUS,LOT OUED FES RUE 23,FES
142064799,PHARMACIE ERRACHID,"HAY OUIFAK,RUE 9 N°36‐38, BEN DEBBAB",FES
142055904,PHARMACIE TAZI,11 LOT LAHBABI DAKKARAT,FES
142057074,PHARMACIE VOLUBILIS,70 AV MOTOUABI V.N,FES
112038690,PHARMACIE LA SOURCE,20 RUE JABEL HABRI,EL JADIDA
102012366,PHARMACIE L'AUBE,"47 BD ABDELKHALEK TORRES, TABRIQUET",SALE
162017842,PHARMACIE CENTRALE,2 RUE MOHAMED TORRES,TETOUAN
102042744,PHARMACIE MIMOSAS,"HAY EL FATH, RESIDENCE MIMOSAS",RABAT
092051606,PHARMACIE SAFIR,"16 RUE NICHAKARA RAHAL, EX RUE DE TOURS",CASABLANCA
102030228,PHARMACIE HAMMI,"70 AV IBNOU AL HAYTAM, HAY ELINBIAT",SALE
102032489,PHARMACIE HAYTHAM,"119 AV DE LA RESISTANCE, OCEAN",RABAT
162007538,PHARMACIE ALMASJID,109 AV MOUKAOUAMA,MARTIL
092054865,PHARMACIE DES STADES,50 RUE AL FOURAT,CASABLANCA
092012392,PHARMACIE AUTOROUTES,"ANATARIA 1, RUE JABEL HABRI, N1",CASABLANCA
092048107,PHARMACIE DES PAPILLONS,"36 RUE CHASSEUR JULES GROS, OASIS",CASABLANCA
062061221,PHARMACIE ARAFAT,"82 RUE ASSALAM HAY AL HOUDA LOT N 54 A , LOTISSEMENT AL MADINA",BERRECHID
112059845,PHARMACIE ISTICHFAE,"1 RUE SIBAWAIH, SAADA III",EL JADIDA
112061452,PHARMACIE MAJIDI,156 LOT EL WIFAK,AZEMMOUR
092006972,PHARMACIE ALMAALI,"45 RUE V, HAY MOULAY RACHID GROUPE 6",CASABLANCA
092037332,PHARMACIE DE LA DECOUVERTE,"7 LOT AL MOUSTAKBAL, ROUTE 1029, SIDI MAAROUF",CASABLANCA
092062066,PHARMACIE ANOUAL,ANG BOULEVARD ANOUAL ALLEE DU LION,CASABLANCA
082012683,PHARMACIE AYNAOU,"HAY ESSALAM, ROUTE AIN MATHAR B1, N3",OUJDA
162033906,PHARMACIE ICHARA DERSA,"AV ICHARA JBEL DERSA BOITE POSTAL (3021), SIDI TALHA",TETOUAN
102040292,PHARMACIE LOUBARIS,"AV MOHAMMED BEL HASSAN OUZZANI, SOUISSI",RABAT
102002342,PHARMACIE AIN ARROZ,"5 IMM ZAAKOUNI, ROUTE AIN ARROZ",SKHIRATE
102049533,PHARMACIE QUARTIER INDUSTRIEL,581 ANG RUE OUARKZIZ ET AVENUE IBN AL KHATIB. DAR HAMRA,SALE
162019749,PHARMACIE COLISEO,"11 KAID AHMED RIFFI, BP 396",LARACHE
042011676,PHARMACIE ASSAIS TIKIOUINE,"PLACE ASSAIS, TIKIOUINE, PROVINCE D'AGADIR",AGADIR
102028461,PHARMACIE FATINE,"AV MOULAY ALI CHERIF, N 863 MASSIRA II",TEMARA
102064169,PHARMACIE BAYT ALMAARIFA,"AV ALLAL AL FASSI MADINATE AL IRFANE, AGDAL, RESIDANCE POUR ETUDIANTS BAYT AL MAARIFA",RABAT
132034893,PHARMACIE ISRAE,"88 AV ASSAADIYNE, V N",MEKNES
132031352,PHARMACIE HAYATI,"18 OLM SUD, ELBASSATINE",MEKNES
142063825,PHARMACIE IBN ALHASSAN,"AV ABI IMRANE AL FASSI, AIN KADOUSS A COTE HOPITAL IBN AL HASSAN",FES
092044031,PHARMACIE MOUMEN,RUE 31 N 47‐51 DERB FOUKARA,CASABLANCA
162053664,PHARMACIE SIDI ELMANDRI,"AV MED DAOUD, 1",TETOUAN
092048586,PHARMACIE DU POLO,"56 BD NADOR, POLO",CASABLANCA
092051424,PHARMACIE SAADIA,"88 AV FORCES AUXILIAIRES. HAY RAJAA 2, BOURNAZEL SIDI OTHMANE",CASABLANCA
092030675,PHARMACIE HAY ALKARIA,"56 RUE 8, GROUPE 2, SIDI MOUMEN JDID",CASABLANCA
102064920,GRANDE PHARMACIE DE TEMARA,"COOPERATIVE ALIZDIHAR, BLED HALIMA, OULED ALIAME, MAGASIN N1",TEMARA
082015272,PHARMACIE BENNIS,45 RUE MAGHNIA LOTISSEMENT EL MAKARI,OUJDA
092043629,PHARMACIE MOHAMMEDIA,"1 BD CHORFAS, ESSAADA EL ALIA",MOHAMMADIA
102015971,PHARMACIE BISMI ALLAH,"27 LOT EL WAHDA, FATH EL KHEIR",TEMARA
052032612,PHARMACIE IBN KHALDOUN,"158 RUE 7, HAY MAAMORA, SAKNIA 1",KENITRA
092057025,PHARMACIE VIE,"RUE BERLIOZ ET BD BAHMAD LOT 19, BELVEDERE",CASABLANCA
042061754,PHARMACIE LA SANTE,21 BD MOHAMED V FACE HOTEL LA GAZELLE,OUARZAZATE
162021448,PHARMACIE DIOUR ELMAKHZANE,"38 AV ABOU AOUBAIDA, BNOU JARAH",TETOUAN
102042785,PHARMACIE MINARET,"252 AV HASSAN II, DIOUR JAMAA",RABAT
152032462,PHARMACIE IBN HAYTEM,"171 BD HASSAN II, TAZA V.N",TAZA
102054947,PHARMACIE TABRIQUET,"LOT FABI, N9, AVENUE LALLA ASMAE, TABRIQUET",SALE
102010808,PHARMACIE ANWAL,"11 RUE GOULMIME, AVNUE BASE AERIENNE LAAYAYDA",SALE
162012991,PHARMACIE AZZAHRAA,"AV HADJ MOHHAMED BENNOUNA, LOT AZZAHRAA, N8",TETOUAN
092040500,PHARMACIE LYS PHARMA,"687 ANG BD OUED SEBOU E RUE 150 OEL ULFA, HAY HASSANI",CASABLANCA
112024872,PHARMACIE ELKHANSAA,"14 LOT ELAMAL, BD ALLAL EL FASSI",EL JADIDA
112037346,PHARMACIE LA FACULTE,"101 LOT JAWHARA, EN FACE DE LA FACULTE",EL JADIDA
142060706,PHARMACIE BELBACHA,11 AV HAJ MOHAMED BAHNINI ROUTE HAY ENNAKHIL,FES
092036748,PHARMACIE KASSARIAT,"68 BLC N6, CITE DJEMAA",CASABLANCA
092011386,PHARMACIE ARSALANE,114 BD HASSAN ALAOUI,CASABLANCA
092026251,PHARMACIE ELYOUSR,32 BD DE LA GIRONDE,CASABLANCA
092040492,PHARMACIE LYCEE MOHAMMED V,28 RUE SALONIQUE,CASABLANCA
102013455,PHARMACIE BAB SEBTA,2 AV ABDARRHMANE KADIRI HORS SEBTA,SALE
042029942,PHARMACIE HARDANE,2 RUE IBN ARABI. QUARTIER INDUSTRIEL,AGADIR
102050606,PHARMACIE RIDA,"AV LALLA AMINA, TABRIQUET",SALE
102040300,PHARMACIE LOUBNA,"83 RUE ALOUARD, SECTEUR A HAY ARRAHMA",SALE
102027208,PHARMACIE ES‐SAADA,65 BLC SIX SECTEUR 9 HAY SALAM,SALE
102062924,PHARMACIE DOHA,"RUE JABAL HIBRI N 669, LOT SAID HAJJI",SALE
102014115,PHARMACIE BASMALA,"SECTEUR N4, RUE TAZA, N 15 HAY AMAL, K.O.M",SALE
092035849,PHARMACIE KABLI,0 LOT FARAJ N 126. SIDI MAAROUF,CASABLANCA
092042936,PHARMACIE MOULAY ABDELLAH,"ZAOUIAT RUE 300 ET RUE 271 N 27/29, AIN CHOK",CASABLANCA
092042829,PHARMACIE MIRABEL,5 RUE DES FAUVETTES,CASABLANCA
162042261,PHARMACIE MELLAH,17 RUE ANKARI HAY QODS (MELLAH),TETOUAN
162065197,PHARMACIE CARTHAGE,2 AVBNI MAADEN COELMA,TETOUAN
092040211,PHARMACIE DE LORRAINE,52 BD RAHAL EL MESKINI,CASABLANCA
092004357,PHARMACIE ALBOUDOUR,"115 RUE SEBTA, QUARTIER DES HOPITAUX",CASABLANCA
162064133,PHARMACIE FNIDEQ,AV IMAM AZAFI,CASABLANCA
162021117,PHARMACIE DERDABI,"SAKIA FOUKIA FENDAK NEJJAR, N7",CASABLANCA
162051593,PHARMACIE SAFIR,"AV SIDI MOHAMED ELKHARRAZ, LOT BARAKA, N2",CASABLANCA
162003065,PHARMACIE ALABAWAINE,254 AV CHEIKH BENLARBI ALAOUI. BOUJERRAH,CASABLANCA
162035174,PHARMACIE JAMAA MEZOUAK,26 AV AL MAMOUNE,CASABLANCA
152010336,PHARMACIE ANISSA,33 RUE 9 JUILLET,CASABLANCA
142016880,PHARMACIE BOUSLIKHANE,"HAY WIFAK, N 160, ROUTE AIN SMEN",CASABLANCA
102065018,PHARMACIE ZONE INDUSTRIELLE,"N 51‐53, RUE TAOUFIK EL HAKIM, HAY EL OUHDA",CASABLANCA
102010493,PHARMACIE ANNASR,75 AV KHALID BEN WALID,CASABLANCA
132029349,PHARMACIE GRANADA,"1314 LOT MARJANE II, ROUTE D'AGOURAY",CASABLANCA
132065533,PHARMACIE ZERKTOUNI,"108 RUE MOHAMMED ZERKTOUNI, HAY NASR, OUISLANE",CASABLANCA
082059031,PHARMACIE DE LA FACULTE DE MEDECINE,DAR TALIBA 1 ET 2,CASABLANCA
102045093,PHARMACIE DES NATIONS UNIES,19 RUE JBEL AYACHI AGDAL,CASABLANCA
102043361,PHARMACIE MOULAY YOUSSEF,184 AV SIDI MED BEN ABDELLAH. AKKARI,CASABLANCA
102052263,PHARMACIE SALSABIL,"MAGASIN 2, MOSQUEE KARRAKCHOU.SECTEUR 3, HAY RIAD",CASABLANCA
102016003,PHARMACIE BISMILLAH,"HAY BOUREGREG, RUE N 88, N31, YOUSSOUFIA",CASABLANCA
102019130,PHARMACIE CHIFAA,"4 AV HASSAN II, SIGAL SIGALON",CASABLANCA
102064540,PHARMACIE BOUCHAM,"18 RUE BANI MALIK, AVIATION",CASABLANCA
142064401,PHARMACIE ALNAJOUA,1 RUE N°9 HAY MIKOU MERJA,CASABLANCA
142020452,PHARMACIE DAR DMANA,64 RUE N°3 HAFRAT BENNIS BAB KHOKHA,CASABLANCA
142041417,PHARMACIE MARHABA,RUE 2N°98 SIDI BRAHIM,CASABLANCA
142047513,PHARMACIE OUM EL BANINE,10 AVENUE AHMED MEKOUAR BAB LHADID,CASABLANCA
142006881,PHARMACIE AL KORACHI,RUE IBN KHALDOUN HAY AL AZHAR ROUTE AIN CHKEF,CASABLANCA
142025675,PHARMACIE EL MOUAHIDINE,14 PLACE MAGHREB ARABI HAY AZZELLAH DOKKARAT,CASABLANCA
142064666,PHARMACIE LES CHAMPS,7 HAY TAZI MERJA,CASABLANCA
142009851,PHARMACIE L'AMITIE,232 BOULVARD MOHAMED EL FASSI HAY ADARISSA,CASABLANCA
142001825,PHARMACIE AGADIR,9 LOTISSEMENT N°2 HAY SALAM AIN KADOUS,CASABLANCA
152064747,PHARMACIE RIF,AGADIR CENTRE CR AJDIR,CASABLANCA
82009960,PHARMACIE ANACIHA,98 RUE TARIK BEN ZIAD,CASABLANCA
142034875,PHARMACIE ISMAILIA,BOULVARD ISMAILIA LOT LAHLOU LOT N°10 MONT FLEURI 1,CASABLANCA
142013291,PHARMACIE BAB ELGUISSA,25 BAB EL GUISSA,CASABLANCA
142042647,PHARMACIE MIL ROSES,ROUTE DIMMOUZER AV PRINCE MLY ABDELLAH,CASABLANCA
142064468,PHARMACIE LA CRIEE,11 QUARTIER EL AMANE BENSOUDA,CASABLANCA
142016534,PHARMACIE BOUGHAFER,29 RUE BOUGHAFER NARJISS A,CASABLANCA
142051176,PHARMACIE ROUTE DE MEKNES,1 RUE N°13 HAY KARIM AMRANI DOKKARAT,CASABLANCA
142024454,PHARMACIE EL IRAKI,3 RUE N°26 BENSOUDA,CASABLANCA
142034388,PHARMACIE IMAM ALI,23 RUE IMAM MALIK,CASABLANCA
142064724,PHARMACIE LAHBABI,AVENUE BEYROUT RES RAWD ALAZHAR MONTFLEURI I,CASABLANCA
142064419,PHARMACIE ASSAFAE,N° A29 C2 HAY LMASSIRA,CASABLANCA
142064591,PHARMACIE JABRI,AVENUE IBN EL KHATIB LOTISSEMENT SEPRONOR II N°33,CASABLANCA
142050194,PHARMACIE RCIF,BAB JDID ROUTE NOUVELLE DE LA MEDINA,CASABLANCA
142057520,PHARMACIE YASSINE,LOTISSEMENT JABRI ROUTE AIN CHKEF FES V.N,CASABLANCA
92003672,PHARMACIE ALANDALOUSS,411 BOULVARD DRISS EL HARTY HAY AL BARAKA,CASABLANCA
162019731,PHARMACIE COELMA,63 AVENUE SIDI ABDELLAH FAKHAR KOUILMA,TETOUAN
162065221,PHARMACIE ACHAHBAR,RUE MASKET N°47 HAY TOUABEL,TETOUAN
162013528,PHARMACIE BAB TOUT,6 AVENUE DU PRINCE HERITIER,TETOUAN
162055925,PHARMACIE TEKNIA,AVENUE KABOUL N21 BIS TOUABEL SOUFLIA,TETOUAN
162065411,PHARMACIE HAMZA,AVENUE CHEIKH BENLARBI ALAOUI N°394 TWILAA,TETOUAN
162065429,PHARMACIE JABER IBN HAYAN,AVENUE SLAOUI LOT ZEMRANI RES MOUNIA N°3,TETOUAN
162061600,PHARMACIE ROMMANA,344 AVENUE RIF,TETOUAN
162062509,PHARMACIE EL AMRAOUI,AVENUE WALILI N°84 LOT MOUNIA EL MHANNECH 2,TETOUAN
162065148,PHARMACIE EL BAKKALI,659 AVENUE AL YASSAMIN LOT AL WIKAYA,TETOUAN
162056519,PHARMACIE TOUELAH,2 AVENUE KHOLOUD QUARTIER TAFFALINE,TETOUAN
162002661,PHARMACIE AIN SIDI TALHA,11 AVENUE ZOUBAIR AIN SIDI TALHA,TETOUAN
162015507,PHARMACIE BENTAOUIT,"AVENUE OUED SEBOU RUE N°4,2",TETOUAN
162065205,PHARMACIE IBN SINA,AVENUE TIDGHINE RUE AFKA N°4,TETOUAN
162001358,PHARMACIE ACHIFAA,17 RUE MOHAMED TORRES,TETOUAN
162050637,PHARMACIE RIF,AVENUE DES FAR N° 244,TETOUAN
162015945,PHARMACIE BIROUNI,102 RUE ABDELKHALEK TORRES,TETOUAN
162056022,PHARMACIE THAMI OUAZZANI,AVENUE MASSIRA N°61,TETOUAN
162008726,PHARMACIE ALQODS,AVENUE MAURITANIA N°1,TETOUAN
162009476,PHARMACIE AL‐WILAYA,24 AVENUE ALLAL EL FASSI,TETOUAN
162047963,PHARMACIE PALESTINE,193 BOULVARD DES FAR,TETOUAN
162017842,PHARMACIE CENTRALE,2 RUE MOHAMED TORRES,TETOUAN
162036578,PHARMACIE KHARKHOUR,AVENUE JAMIA ARABIA,M'DIQ
162065312,PHARMACIE BELMAHI,HAY CONDESSA SOUFLA RUE MARTIL N°161,FNIDEQ
142064633,PHARMACIE TAHA,"N242 ZC,LOT EL HADIKA",FES
142012525,PHARMACIE AVERROES,"9 RUE IBN HAJJAR,L'HABITAT V.N",FES
142064690,PHARMACIE OULAD MAAREF,DIOURS OULAD MAAREF CENTRE AIN CHKEF,FES
142026525,PHARMACIE ENNASSIRI,"LOTISSEMENT BADR,IMM 5B,ROUTE AIN SMEN",FES
92025618,PHARMACIE EL MOKHTAR,19 BOULVARD DE LA GRANDE CEINTURE,CASABLANCA
142064526,PHARMACIE YOUSFI,"41 LOTISSEMENT LAZRAK AVENUE HADRI,MONTFLEURI II",FES
142064674,PHARMACIE ALOUM,46 LOTISSEMENT NABIL MERJAZOOGA SOUFLA,FES
142028265,PHARMACIE FARAH,"LOTISSEMENT 13 FARAH II,HAY FARAH",FES
142054956,PHARMACIE TADAMOUN,"1 BIS RUE 18 N°23,BLED MEGZAI",FES
142048024,PHARMACIE LES PALMIERS,"14 AVENUE HASSAN II, V.N",FES
142051861,PHARMACIE SAISS,"13 BLOC PAM,BENSOUDA",FES
142034016,PHARMACIE IDRISSI,"25 ROUTE BIS AIT SKATO,ROUTE D'AIN CHKEF",FES
142040088,PHARMACIE LINA,"119 BOULVARD EL MAJD,NARJIS C,ROUTE DE SEFROU",FES
142005727,PHARMACIE EL HOUDA,"BOULVARD ABI HORAIRA,MONT FLEURI 1",FES
142015445,PHARMACIE BENSOUDA,"3 QUARTIER MSALLA,BENSOUDA",FES
142012780,PHARMACIE ELAZHAR,"RESIDENCE ADARISSA II,IMM C2 N°9",FES
142009760,PHARMACIE AMINE,23 BIS TARIK JDIDA RCIF,FES
142064609,PHARMACIE ALMARWA,LOT 2 ET 3 ROUTE DE MEKNES,FES
142042407,PHARMACIE MERINIDES,"24 HAY BENZAKOUR,LOT FIGUIGUI DHAR LAKHMISS",FES
142042233,PHARMACIE MEKOUAR,"37 RUE DU TRAIN DEBUT ROUTE D'IMMOUZZER,PLACE DU TRIBUNAL DE 1ER INSTANCE",FES
82005489,PHARMACIE ALHIKMA HABOUS,BOULVARD ABDERRAHIM BOUABID LAHBOUS LAZARET,OUJDA
102027489,PHARMACIE ESSALAM,2 AVENUE ESSALAM SECTEUR G,RABAT
112018551,PHARMACIE CHÂTEAU ROUGE,76 AVENUE MOULAY ABDELHAFID,EL JADIDA
82024506,PHARMACIE EL JAI,5 RUE ABDELAZIZ ATALABI,OUJDA
62063219,PHARMACIE AL IHSSANE,12 IMM N°20 RCE LA GARE BOULEVARD MOHAMED V,BERRECHID
72063332,PHARMACIE NAKHLA,IMM N°33 LOCAL N°3 BANDE NAKHLA I,EL KALAA DES SRAGHNA
82052739,PHARMACIE SEFRAOUI,136 BOULVARD HASSAN II,OUJDA
122047434,PHARMACIE OULED YOUSSEF,"20,21 PRES DE GRANDE MOSQUEE OULAD YOUSSEF",BENI MELLAL
162030423,PHARMACIE HAOUMAT TANJAOUA,RUE JABAL ATLAS N°156 TOUABEL OULIA,TETOUAN
102030558,PHARMACIE HASSANIA,"2 AVENUE AHMED REDA GUEDIRA N° 12P,HAY NAHDA I",RABAT
102041878,PHARMACIE MAZHAR,"127 AVENUE EL MAJD, AMAL 3,CYM",RABAT
102040789,PHARMACIE MACHA ALLAH,"5 AVENUE MOULAY ALI CHRIF,LOT 24 HA,MAGASIN N°2,QUARTIER MASSIRA 1",TEMARA
162065346,PHARMACIE SCANDINAVIE,HAY RMILAT ROUTE SEBTA,MARTIL
52012077,PHARMACIE DE L'ATLAS,BLOC J N°1 EL HAOUZIA,KENITRA
162006654,PHARMACIE ALKHADRA,"OQBA IBN NAFIA,N° 111",LARACHE
102027448,PHARMACIE ESSALAM,147 AVENUE BIR ANZARANE HAY SALAM,KHEMISSET
102061801,PHARMACIE ALFOUNDOUKIA,"AVENUE IBN HAYTAM,N°235 HAY INBIAT,TABRIQUET",SALE
122005689,PHARMACIE ELHOUDA,"20,21 CENTRE COMMERCIAL ELHOUDA",BENI MELLAL
142064880,PHARMACIE IBN BATTOUTA,"33 JNANE BENCHRIF,BAB ALKHOUKHA",FES
132023888,PHARMACIE ELHAJEB,1 AVENUE HASSAN II,EL HAJEB
92039999,PHARMACIE LA LIBERTE,104 BOULVARD DE PARIS,CASABLANCA
92023076,PHARMACIE ELANOUAR,"BIN LAMDOUN,RUE17 N°34 BIS,ALFIDA DERB SULTAN",CASABLANCA
92005552,PHARMACIE ALHIKMA,8 RUE ABOU ALAA ZAHAR QUARTIER DES HOPITAUX,CASABLANCA
152012563,PHARMACIE AVICENNE,AVENUE TARIK BEN ZIAD IMM CABALLO,AL HOCEIMA
152033726,PHARMACIE IBNOU ROCHD,168 BOULVARD HASSAN II,AL HOCEIMA
142064302,PHARMACIE DES ROCHES,69H LOTISSEMENT RIYAD AL YASSAMINE ROUTE DE AIN CHEF,FES
142009901,PHARMACIE AMRANI,3 AVENUE LALLA MERYEM VILLE NOUVELLE,FES
142063874,PHARMACIE SALAH,Q4 116 HADIKA OUED FES,FES
142015643,PHARMACIE BAYROUT,139 AVENUE BEYROUT MONT FLEURI 1,FES
142064625,PHARMACIE CHIFAE ARRAHMANE,135 B LOTISSEMENT LAYMOUNE ROUTE DE MEKNES,FES
142011519,PHARMACIE ASMAE,122 NARNIS 42 RUE ERRACHAD,FES
142037399,PHARMACIE LA FAMILLE,119 BOULVARD CHENGUIT ZOHOUR II V N,FES
142055656,PHARMACIE TARIK,"86 LOTISSEMENT TARIQ II,ROUTE BENSOUDA",FES
142064484,PHARMACIE BLANCO,"94 LOTISSEMENT YASSMINE,ROUTE AIN CHEKEF",FES
152009023,PHARMACIE ALRAHMA,"73 BD DE RABAT,BP 228",IMZOUREN
152019204,PHARMACIE CHIFAA,134 AVENUE MOHAMED V V.N,TAZA
082020959,PHARMACIE DERB BERRAHMOUN,"3 RUE ELKHALIJ AL ARABI,SOUK LAKHMIS,LAZARET",OUJDA
162035133,PHARMACIE JAMAA AFILAL,107 RUE MED EL KHARRAZ,TETOUAN
082035114,PHARMACIE GALA,"HAY ZGHAMIME,RUE EL KHIMA 21 NR 15",OUJDA
102011269,PHARMACIE ARRAJAE,92 HAY FROUGUI SAGHIR BD BOUKRAA TABREQUET,SALE
102028156,PHARMACIE FAMILIALE,4 RUE AIN ELOUH HAY INBIAT,SALE
132004763,PHARMACIE ALFATH,91 BOULVARD MOULAY ALI CHRIF,ERRACHIDIA
082019274,PHARMACIE SHERINE,3 RUE ZIANI,OUJDA
102039740,PHARMACIE CHATEAUX,AVENUE MOHAMED ZERKTOUNI 393 FARAH 1,KHEMISSET
092035377,PHARMACIE JAWAD,HAY MLY RACHID RUE N°5 N°60 BOURNAZEL,CASABLANCA
162038855,PHARMACIE LA WILAYA,24 AVENUE LA MARCHE VERTE,TAZA
102035268,PHARMACIE JAOUHARA,57 RUE FERHAT HACHAD,KHEMISSET
052063971,PHARMACIE PROVINCE,27 AVENUE HASSAN II,KENITRA
102061215,PHARMACIE RIAD AL OTOR,149 VILLA SECT 25 RIAD AL OTOR HAY RIAD,RABAT
092027036,PHARMACIE ESPACE SANTE,CENTRE COMMERCIAL MARJANE ROUTE DE NOUASSER,CASABLANCA
102003761,PHARMACIE ALANWAR,RUE SIDI ALLAL BARHRAOUI N215 HAY INBIAT,SALE
102026515,PHARMACIE ENNASSIM,266 HAY MAGHREB ARABI HAY AZZELLAH DOKKARAT,TEMARA
092042365,PHARMACIE MERCURE,2 RUE WOROUD,CASABLANCA
142062652,PHARMACIE BHALIL,4 LAGHRESSE KHANDEK,BHALIL
162010540,PHARMACIE ANNASSIHA,BOULVARD ABDELMOUMEN BEN ALI N1,LARACHE
052062460,PHARMACIE SIHAM,LOTISSEMENT MAGHREB ARABI D LOT 23,KENITRA
142064948,PHARMACIE ELGHAZI,LOTISSEMENT JAD 236 OUED FES,FES
092026210,PHARMACIE ELYACOUT,43 RUE BAGHDAD AIN CHOCK QUARTIER EL YACOUT,CASABLANCA
092043355,PHARMACIE BD MOULAY YOUSSEF,139 BOULVARD MOULAY YOUSSEF,CASABLANCA
102049640,PHARMACIE RABI,RESIDENCE ERRABIA HAY NAHDA I,RABAT
102061504,PHARMACIE GUELIZ,AVENUE BOUREGREG IMM 7 SALA AL JADIDA,SALE
082030636,PHARMACIE HAY ALANDALOUS,96 LOTISSEMENT HAJ TOUFIK ROUTE SIDI MAAFA,OUJDA
082046103,PHARMACIE OMAR IBN KHATAB,AVENUE OMAR IBN KHATTAB N1,OUJDA
082013970,PHARMACIE BALSAM,ROUTE DE JERADA HAY NOUR,OUJDA
102016425,PHARMACIE BOUAROUS,187 RUE LAAYOUNE MASSIRA 1,TEMARA
092024041,PHARMACIE EL HAOUZIA,114 BOULVARD DIX MARS SIDI OYHMAN,CASABLANCA
092015379,PHARMACIE BENSALAH,26 AVENUE SAAD ABOUJEMAA BOURNAZEL HAY MOULAY RACHID 1,CASABLANCA
122008931,PHARMACIE AL QODS,61 BOULVARD MOHAMED V,BENI MELLAL
102048170,PHARMACIE DU PARC,57 AVENUE MOHAMED 6,RABAT
102021953,PHARMACIE DU CROISSANT,65 AVENUE SIDI MED BENABDELLAH AKKARI,RABAT
082005521,PHARMACIE ALHIKMA,20 HAY CHOUHADA,TAOURIRT
162045553,PHARMACIE GRAN FARMACIA NUEVA,10 AVENUE 42500,TETOUAN
162001747,PHARMACIE AFASSI,AVENUE DAKA TOUABEL SOUFLA N°27‐29 TEKNIA,TETOUAN
092040062,PHARMACIE LES LILAS MAURICE GO,4 RUE REAUMUR BD ABDELMOUMEN,CASABLANCA
142015262,PHARMACIE EL MALHI,3 RUE N°2 HAY TARIK I DOKKARAT,FES
142064237,PHARMACIE ANOUAL,1 BLOC F NOUVEAU SECTEUR AIN KADOUS,FES
102024700,PHARMACIE EL KARMA,187 BLOC L DOUAR ELGARAA CYM,RABAT
082023128,PHARMACIE EL AOUNIA,ROUTE AOUNIA MOSQUEE ESSAFA,OUJDA
102055936,PHARMACIE TAMARA DOULYAZAL,BOULVARD MLY RACHID IMM HAMMOUCH,TEMARA
102005204,PHARMACIE ALHAMD,"BLOC G,N°5 AV ALMASSIRA AL KOUASS CYM",RABAT
142019157,PHARMACIE CHIFAE,AVENUE DES FAR ROUTE DE MEKNES,FES
142050582,PHARMACIE RIBAT ELKHEIR,ROUTE DE L'HOPITAL RIBAT EEL KHEIR,FES
092020080,PHARMACIE CROIX DU SUD,62 RUE MOHAMED SEDKI,CASABLANCA
142039676,PHARMACIE LA LAVANDE,12 RUE N°2 HAY RAJAE CHAMPS DE COURSES,FES
142002484,PHARMACIE AIN HAROUN,BOULVARD 202 N°287 AIN HAROUN,FES
142014091,PHARMACIE BASMA,1227 HAY EL JADID ZOUAGHA HAUTE,FES
142012780,PHARMACIE ELAZHAR,"RESIDENCE ADARISSA II,HAY ADARISSA",FES
142030782,PHARMACIE HAY BENSLIMANE,"RUE N°1,N°72 BIS HAY BENSLIMANE DHAR LAKHMISS",FES
142063767,PHARMACIE LA FAMILLE,318 AVENUE ABDELKRIM EL KHATTABI QUARTIER SIDI AHMED TADLI,SEFROU
142010560,PHARMACIE NASSIM,3 BLOC N°6 HAY NASSIM BENSOUDA,FES
142052828,PHARMACIE SEKKAT,22 HAY NAKHIL ROUTE D'AIN SMEN,FES
082044124,PHARMACIE MOUSLIM,5 ANGLE BD ISTIQLAL ET BD MED V,OUJDA
92020817,GRANDE PHARMACIE DE PARIS,60 RUE ALLAL BEN ABDELLAH,CASABLANCA
092031434,PHARMACIE HICHAM,"298 BOULEVARD PANAORAMIQUE, AIN CHOCK",CASABLANCA
82004409,PHARMACIE ALBOUSTANE,"27 BOULVARD MOHAMMED V,LOT LYATNI KANOUN1",OUJDA
82062035,PHARMACIE IDRISS AL AKBAR,BOULVARD ABOUBAKER EL KADIRI II,OUJDA
92043978,PHARMACIE MOUHSSINE,834 AVENUE DEUX MARS PROLOGNE HAY INARA I,CASABLANCA
122050859,PHARMACIE RMILA,173 BOULVARD 9DECEMBRE BAB FTOUH,BENI MELLAL
92039882,PHARMACIE LEMRANI,"31 HAY NASSIM,LISSASFA HAY HASSANI",CASABLANCA
162019384,PHARMACIE CHIKRI,105 AVENUE MFEDDAL AFAILAL,TETOUAN
092029057,PHARMACIE GHAFIRI,22 RUE ABOUOUOUASSE ET BD TERRAINS DE SPORTS FERME BRETONE,CASABLANCA
142012525,PHARMACIE AVERROES,"9 RUE IBN HAJJAR,L'HABITAT V.N",FES
142048024,PHARMACIE LES PALMIERS,"14 AVENUE HASSAN II, V.N",FES
142015445,PHARMACIE BENSOUDA,"3 QUARTIER MSALLA,BENSOUDA",FES
102032083,PHARMACIE DES HOPITAUX,RUE IBN ROCHD PEPINIERE,SALE
102026101,PHARMACIE EL WAHDA,69 C GROUPE EL WAHDA HAY NAHDA II TAKADDOUM,RABAT
142064427,PHARMACIE MALAIKA,HAY BADRE LOTISSEMENT MEHDI,FES
162043202,PHARMACIE MOULAY ISMAIL,BOULEVARD MLY SMAIL RESIDENCE ZAHARAE,TANGER
82004052,PHARMACIE ALBAKRI,164 BOULVARD MOHAMED DERFOUFI,OUJDA
42034934,PHARMACIE ISSAFARN N TADDART,2911 BP6527 CITE TADDART ANZA,AGADIR
92018787,PHARMACIE CHERKAOUI,"9 RUE AVENIR,N37 DERB ABDALLAH A.N",CASABLANCA
122053135,PHARMACIE SIDI AISSA,SIDI AISSA SOUK SEBT,FQUIH BEN SALAH
122047780,PHARMACIE OURBIA,HAY EZZARATI OURBIA,BENI MELLAL
122065022,PHARMACIE MUNICIPALE,KHMISS OULED AYAD SOUK SEBT,FQUIH BEN SALAH
132017757,PHARMACIE CENTRALE,15 AVENUE MOHAMED V,MEKNES
92024256,PHARMACIE EL HILAL,77 RUE BACHIR LAALAJ CITE PALATEAU,CASABLANCA
92006139,PHARMACIE ALINARA,921 BOULVARD II MARS,CASABLANCA
92048446,PHARMACIE DU PHARE,16 AVENUE DU DOCTEUR MED SIJELMASSI,CASABLANCA
92052471,PHARMACIE SARA,"RESIDENCE AL KAWTAR N°2,T092 ADDOHA SIDI MOUMEN",CASABLANCA
92000470,PHARMACIE 20 AOUT,17 RUE LAHCEN EL ARJOUNE QUARTIER DES HOPITAUX,CASABLANCA
162061436,PHARMACIE DES CLINIQUES,"LOTISSEMENT CHAABANE I N°70,ROUTE DE RABAT",LARACHE
122052079,PHARMACIE SALAMA,21 AVENUE HASSAN II,BENI MELLAL
152040606,PHARMACIE MAARID,253 CITE MASSOUDIA TAZA EL JADIDA,TAZA
82044439,PHARMACIE NADIA,4 BOULVARD ALLAL EL FASSI BLOC 61,OUJDA
162021158,PHARMACIE DERSA PRINCIPALE,606 AVENUE OTMANE IBN AFFANE JBEL DERSA,TETOUAN
82054859,PHARMACIE STADE MUNICIPAL,RUE DE CASABLANCA,OUJDA
102047495,PHARMACIE OULMES,"34 NOUVELLE KISSARIAT OULMES,CENTRE",KHEMISSET
102061884,PHARMACIE OUM HANI,56 LOTISSEMENT OUM HANI WIFAQ,TEMARA
102061330,PHARMACIE KSAR LABHAR,"6 BLOC B,MARCHE KSAR BHAR,AKKARI",RABAT
82036872,PHARMACIE KOULOUCH TAKADOUM,26 HAY TAKADOUM C,OUJDA
102054988,PHARMACIE TADDART,114 AVENUE MOHAMED V,KHEMISSET
102003811,PHARMACIE ALARAAR,"2 AVENUE AL ARAAR,RES ISPAHAN,HAY RYAD",RABAT
102044617,PHARMACIE NAJAH,"B1 RUE AIT ABOU, AMICALE NAJAH",KHEMISSET
42017657,PHARMACIE CENTRALE DE TIZNIT,186 BLOC B AMICALE DES FONCTIONNAIRES,TIZNIT
142026707,PHARMACIE ERRACHIDIA,38 LOTISSEMENT ERRACHIDI ROUTE AIN CHKEF,FES
102033578,PHARMACIE IBN ZOHR,"19 AVENUE ALKIFAH,BLOC C",RABAT
52009370,PHARMACIE ALWIAM,"714 LOTISSEMENT ISMAILIA ,ROUTE DE MEHDIA",KENITRA
52032091,PHARMACIE ISKAN CHAABI,"32 LOT SALAMA,MAG C3,BLOC H",KENITRA
102013745,PHARMACIE BADR,2266 HAY EL MAGHREB ARABI,TEMARA
162060602,PHARMACIE L'HOPITAL,"1 LOTISSEMENT AL WAHDA,ROUTE DE LARACHE",KSAR EL KEBIR
102004801,PHARMACIE ALFATH,"84 BOULVARD KADI AYAD,HAY ZAHRA",KHEMISSET
112046370,PHARMACIE OSCAR,27 BOULVARD MOHAMED V,EL JADIDA
42017459,PHARMACIE CENTRALE,33 BOULVARD MOHAMED V,OUARZAZATE
62040621,PHARMACIE MAAROUF,362 BOULVARD DES FAR,SETTAT
162022164,PHARMACIE DU NORD,33 AVENUE OMAR IBN ABDELAZIZ MANZEH,LARACHE
92051549,PHARMACIE SABRINE,"165 RUE 11 AMAL 1,SIDI BERNOUSSI",CASABLANCA
92009802,PHARMACIE AMINE,65 AVENUE ABOUBAKER EL KADIRE SIDI MAAROUF LOT AMINE,CASABLANCA
102019080,PHARMACIE CHIFAA,AVENUE MOULAY ABDELLAH N°20 SALA AL JADIDA,SALE
142035443,PHARMACIE JBEL TGHAT,"1 HAY TGHAT ,MOSQUE ARRAHMA",FES
102051968,PHARMACIE SALAHEDDINE,"468 RUE AIT SGHIR ,HAY INBIAT",SALE
122047350,PHARMACIE OULED NEMMA,36 AVENUE DES FAR,SEBT OULAD NEMMA
102003746,PHARMACIE ALANOUAR,234 AVENUE BIR ANZARANE,TIFLET
152029401,PHARMACIE GRANADA,12 AVENUE DE MADAGASCAR,AL HOCEIMA
162034425,PHARMACIE IMAM CHATEBI,"RUE AJDIR IMM ASSALAM, BLOC C N°1 MISTER KHOUCH",TANGER
82041187,PHARMACIE MANAL,223 BOULEVARD HASSAN II HAY JDID,OUJDA
112060439,PHARMACIE INAS,111‐113 BOULEVARD DAMAS QUARTIER SALAM,YOUSSOUFIA
142064450,PHARMACIE DES PLATANES,AVENUE OUAHDA N°6 HAY HASSANI ROUTE AIN CHKEF,FES
142064534,PHARMACIE AZZAHRAOUAYN,1 BAB ATLAS LOT 41,FES
142034297,PHARMACIE ILHAM,56 HAY AL QODS BENSOUDA,FES
132019969,PHARMACIE CORNETTE,10 PLACE DR GIGUET V.N MEKNES,MEKNES
92018076,PHARMACIE CHAAB,"HAY MLYABDELLAH RUE 226,N23‐25 AIN CHOCK",CASABLANCA
142064575,PHARMACIE SAADI,715 LOTISSEMENT QUARAOUIYINE ROUTE AIN CHKEF,FES
142013903,PHARMACIE BAHJA,BOULVARD MOHAMED V,FES
142028687,PHARMACIE FIRDAOUS,47 AVENUE AL MANAMA MONT FLEURI I,FES
142063981,PHARMACIE DR OBTEL,"623 LOTISSEMENT A BAB ANDALOUS,ROUTE DE MEKNES MAGASIN N°2",FES
52013752,PHARMACIE BADR,26 AVENUE MANSOUR DAHBI,KENITRA
102061363,PHARMACIE ILHAM,"SECTEUR E,N°1789 RAHMA",SALE
102060100,PHARMACIE HAY ALKORA,93 SIDI EL YABOURI C.Y.M,RABAT
162028922,PHARMACIE GALENUS,31 RUE IBNOU ROUCHD ANCIEN HAOUMA JDIDA,TETOUAN
162048599,PHARMACIE POL VORIN DERSA,"131 RUE MOHAMMED EL BEKKAL QUARTIER BARBONNE,JBEL DERSSA",TETOUAN
162065296,PHARMACIE ALMENZAH,"6 AVENUE AL MANZAH,HAY AHRIK",TETOUAN
162065361,PHARMACIE ADDIAFA,"1 AVENUE HASSAN II,IMM ALQODS",MARTIL
162065320,PHARMACIE AIN CHOUFOU,"27 QUARTIER ESSALAM,RUE ALKHAOUARIZMI",M'DIQ
162053284,PHARMACIE SIDI BOUGHABA,"33 RUE DE RABAT,LOT HATI",FNIDEQ
162058366,PHARMACIE ZIANA,254 BOULVARD MOHAMED AMEZIANE,TETOUAN
162033534,PHARMACIE IBN ZAYDOUN,113 AVENUE BJAYA,TETOUAN
162031652,PHARMACIE L'HOPITAL,225 AVENUE MOHAMMADIA QUARTIER TOUTA,TETOUAN
162044754,PHARMACIE NAKHIL,168 AVENUE HASSAN II,TETOUAN
82019910,PHARMACIE DU CONSEIL,"58 RUE C LOT JAOUHARA,OUED NACHEF",OUJDA
102011095,PHARMACIE AR‐RACHAD,115 BOULVARD MOHAMMED V,KHEMISSET
102019650,PHARMACIE CITY CENTER,"RUE MEZYATA,ANGLEAVENUE ALMELIA",RABAT
102002250,PHARMACIE AICHA,"1718 LOTISSEMENT SAID HAJJI,ROUTE DE KENITRA,HAY RIAD",SALE
82034448,PHARMACIE IMAM MALIK,ANGLE RUES OUED EDDAHAB ET GHANDI,BERKANE
82031246,PHARMACIE HAY RAJAA FI ALLAH,"78 LOTISSEMENT TAOUFIK,ROUTE D'ALGERIE",OUJDA
82057514,PHARMACIE YASSINE,"9 ROUTE BOUKNADEL,LOT RAHMANI",OUJDA
162056469,PHARMACIE TOUABEL,"263 AVENUE MOHAMMED KHARRAZ,TOUABEL HAUTE II",TETOUAN
162054621,PHARMACIE SOK ELFOKI,20 PLACE SOK EL FOKI,TETOUAN
102034972,PHARMACIE ISWANE,"37 RUE JAAFAR ESSADIK,RESIDENCE LAKHDAR,AGDAL",RABAT
102045937,PHARMACIE DE L'OCEAN,"54 AVENUE ABDELKRIM ELKHATTABI,OCEAN",RABAT
162050835,PHARMACIE RKAINA,"66 AVENUE AL AMANA,HAY KOURAT SBAA BP7258",TETOUAN
162018642,PHARMACIE CHELLAL,8 ‐ 12 AVENUE MOULAY ABBASS,TETOUAN
132061250,PHARMACIE DE L'HOPITAL,4 LOT HASSAN EDDAKHIL,MIDELT
162065338,PHARMACIE ELHADJ,339 AVENUE MOULAY RACHID,MARTIL
162065395,PHARMACIE CHAACHOO,"30 AVENUE EGYPTE, HAY MATAR, LOT SOUAUI",TETOUAN
162014047,PHARMACIE BARRIO MALAGA,182 RUE ABDELKRIM KHATTABI,TETOUAN
162027924,PHARMACIE FACULTE DES SCIENCES,"227 AVENUE HAJEB, MHANECHE II",TETOUAN
162065353,PHARMACIE DAR DMANA,"672 AVENUE HAJ MOHAMED BENNOUN, TOUILAA, BOUJARAH",TETOUAN
162021372,PHARMACIE DESTIN,"7 AVENUE IBN ROMI, QUARTIER HASSANI",TETOUAN
162054936,PHARMACIE TABOULA,AVENUE OMAR EL MOKHTAR TABOULA,TETOUAN
162046924,PHARMACIE OUIRIARHLI,227 AVENUE ABDELKHALEK TORRES,TETOUAN
162052302,PHARMACIE SAMSA,"413 RUE MAAMOUN, JANAE ELHEZOUAK",TETOUAN
162065270,PHARMACIE AHRIK,"AVENUE ALKOROUM, HAY AHRIK",TETOUAN
162050223,PHARMACIE BOUSSAFOU,"AVENUE MOHAMMED BENOUNA, N 1150",TETOUAN
162063259,PHARMACIE ZEKRI,"AVENUE RIF, RUE AL WIAM N56, KHANDAK ZERBOUH",TETOUAN
162065403,PHARMACIE MASRAH AL WILAYA,9 AVENUE AVRIL,TETOUAN
162065304,PHARMACIE DREAM,"HAY TOUABEL, LOT AIN MELLOUL2, RUE MHAMED AZIMANE,n82",TETOUAN
162041602,PHARMACIE MARTIL,28 BOULVARD MOULAY EL HASSAN,TETOUAN
092046002,PHARMACIE OLIVERI,55 RUE OTHMANE BNOU AFFANE,CASABLANCA
122016306,PHARMACIE BOUACHOUCH,51 QUARTIER BOUACHOUCH,BENI MELLAL
092032705,PHARMACIE IBN NAFISS,33 BOULVARD MOUNASTIR DERB CHABAB BLOC B,MOHAMMADIA
092051044,PHARMACIE ROUDANI,26 BOULVARD BRAHIM ROUDANI,CASABLANCA
092027127,PHARMACIE ESPOIR SANTE,28 AVENUE BIS TIZI OUSLI,CASABLANCA
162014682,PHARMACIE BEN AJIBA,3 AVENUE THAMI OUAZZANI,TETOUAN
092022680,PHARMACIE ROUTE D EL JADIDA,"240 ROUTE D EL JADIDA MAARIF EXENSION,ANFA",CASABLANCA
092020312,PHARMACIE DANTON,47 BOULVARD BIR ANZARANE MAARIF,CASABLANCA
092000918,PHARMACIE ABDELMOUMEN,116 BOULVARD ABDELMOUMEN,CASAbLANCA
112030135,PHARMACIE HAKIMA,31 LOTISSEMENT HAKIMA I,EL JADIDA
092032358,PHARMACIE IBN BATTOUTA,78 RUE IBN BATOUTA,CASABLANCA
052007598,PHARMACIE ALMASJID,23 BLOC 17 HAY SALAM,SIDI SLIMANE
042056127,PHARMACIE TILDI,4 BLOC 8 LOT TILDI RUE OUED ZIZ,AGADIR
092043835,PHARMACIE MOUAD,59 BOULVARD BERRECHID AIN CHOCK,CASABLANCA
122053580,PHARMACIE SIDI JABER,"75 BOULVARD MED V,SIDI JABER",BENI MELLAL
102008489,PHARMACIE ALOSRA,"158 RUE TAIBA,SANIAT BECHNIKHA,SIDI MOUSSA",SALE
092052919,PHARMACIE SHAHRAZAD,158 RUE AZZOUHOUR GARAGE ALLAL,CASABLANCA
092049386,PHARMACIE DU PROGRES,9 PLACE DU 16 NOVEMBRE,CASABLANCA
042017665,PHARMACIE CENTRALE,"165/169 AIN LAASSID PLACE DES TAXIS,OULED BERHIL",TAROUDANT
092042662,PHARMACIE MILAN,"70 DERB MILAN,RUE 18 BEN SICK",CASAbLANCA
102015153,PHARMACIE BENJELLOUN,"3 RUE ZERHOUN,SOUISSI",RABAT
112014337,PHARMACIE BELCOUYED,LOT ARD EL KHAIR BD ATOUFAH,EL JADIDA
102015096,PHARMACIE BENI SNASSEN,"AVENUE MEHDI BEN BARKA,SOUISSI SHAMPION,EN FACE DE INEJ",RABAT
092060565,PHARMACIE ANFAPLACE,"CENTRE COMMERCIAL ANFAPLACE, BOULEVARD DE LA CORNICHE",CASABLANCA
082008699,PHARMACIE ALQODS,BOULVARD MED V HAY BENMRAH,OUJDA
102007580,PHARMACIE AL MASJID,"AVENUE SIDI MED BEN ABDELLAH N°9,11,13,ET 15 CYM",RABAT
042061465,PHARMACIE LA GARE ROUTIERE,48 BOULVARD MOULAY TAHAR BENABDELKRIM QUARTIER ARTISANAL,OUARZAZATE
102020062,PHARMACIE CROISSANT VERT,832 AVENUE MLY DRISSI I HAY MASSIRA,TEMARA
092062009,PHARMACIE DAR ALKARAM,IMM 17 MAG3 RESIDENCE AL KARAM,CASABLANCA
102005170,PHARMACIE ALHAMD,366 RUE YASSAMINE SECTEUR A HAY RAHMA,SALE
102038775,PHARMACIE LA VICTOIRE,52 AVENUE NASSER HAY OUED DAHAB,SALE
042058883,PHARMACIE LA SANTE,67 BLOC B HAY EL MASSIRA,TIZNIT
132046038,PHARMACIE OLM,277 ALEM III ELBASSATINE,MEKNES
052058872,PHARMACIE AIT EL CADI,"AL MAGHREB ARABI D ,N°35",KENITRA
152066676,PHARMACIE OULED ZBAIR,CENTRE OULED ZBAIR,TAZA
102010048,PHARMACIE ANASSE,AVENUE HASSAN II RESIDENCE IFRANE AGDAL,RABAT
082037938,PHARMACIE LA PAIX,1 BOULVARD SIDI YAHYA D.E.H,OUJDA
082065616,PHARMACIE ALKAWTAR SIDI YAHYA,D18 HAY AGDAL SIDI YAHYA,OUJDA
102038957,PHARMACIE LAAYAYDA,1847 AVENUE ANNACER LAAYAYDA,SALE
042065136,PHARMACIE L'HOPITAL,AVENUE MOULAY ABDELLAH BIOUGRA,BIOUGRA
092064559,PHARMACIE TAMAAROUFT,4 RUE TAMAAROUFT BOURGONE,CASABLANCA
142064393,PHARMACIE KANDOUSSI,132 HAY FARAH EL MASSIRA BENSOUDA,FES
142064500,PHARMACIE AZZAYTOUNE,LOTISSEMENT AZZAYTOUN KM 7 N°8 ROUTE RAS ELMA BANSOUDA,FES
102064961,PHARMACIE MOULAY ISMAIL,24 AVENUE MOULAY ISMAIL N°4 BIS HASSAN,RABAT
142064328,PHARMACIE BOULEVARD DU GOLAN,"BOULVARD DU GOLAN RUE MDIQ N°3 BIS,ATLAS",FES
142064476,PHARMACIE DIAMANT VERT,886 LOTISSEMENT KARAOUANE ROUTE AIN CHKEF,FES
162065692,PHARMACIE AHALI COELMA,"HAY BOUGDAD N°485,KOUILMA",TETOUAN
132066366,PHARMACIE AYA,N69 GROUPE 3 B.M.O DOUAR JDID,MEKNES
102065992,PHARMACIE DYAR AL MANSOUR,95 LOTISSEMENT DIAR EL MANSOUR,KHEMISSET
142066752,PHARMACIE JINANE AIN CHKAF,"Z 194 LOT JINANE 1,AIN CHKAF",FES
102066156,PHARMACIE MOYEN ATLAS,373 PAM OULMES CENTRE,OULMES
082066382,PHARMACIE SOULIMANI,22 BIS RUE MOKAWAMA,AHFIR
102066925,PHARMACIE DU BOUREGREG,"2 AVENUE DU BOUREGREG,LOT 1071,SALA EL JADIDA",SALE
132066523,PHARMACIE KORTOBA,"4 LOTISSEMENT KORTOBA,SECTEU 1 IMM29,KORTOBA",MEKNES
082066846,PHARMACIE AL BAYANE,"LOTISSEMENT IBN KHALDOUNE,ROUTE JERADA",OUJDA
082065632,PHARMACIE MEKKI ENNASSIRI,ROUTE DE TAZA LOT SALAMA 18 S N16,OUJDA
082066895,PHARMACIE ELHANAE,"MARCHE COUVERT,NR63 SIDI SLIMANE CHERAA",BERKANE
062065909,PHARMACIE EL BOROUJ,55 RUE DE LA MARCHE VERTE,EL BOROUJ
082065624,PHARMACIE KASR ALHAMRAE,BOULVARD ALAHRAM HAY EL MASSIRA,BERKANE
052065844,PHARMACIE DU RIF,506 BIR RAMI EST,KENITRA
092065721,PHARMACIE ZENITH MILLENIUM,162 LOTISSEMENT FLORIDA SIDI MAAROUF,CASABLANCA
122066541,PHARMACIE MARJANE,57 AVENUE MOHAMED 6,FQUIH BEN SALAH
162066716,PHARMACIE LUKACH,"ABDELLAH FAKHAR, KM3 ROUTE OUED LAW",TETOUAN
162003354,PHARMACIE AL AMAL,"343 AVENUEHAJ MOHAMED BENNOUN, BOUJARRHA",TETOUAN
162066880,PHARMACIE ZINAT,ZINAT CENTRE,TETOUAN
162002554,PHARMACIE AIN KHABBAZ,66 RUE OUED OUM RABIE,TETOUAN
162065387,PHARMACIE AIN MELLOUL,AVENUE ELJOULAN RUE EL FANOOSSE N°,TETOUAN
162057988,PHARMACIE ZAMZAM,75 AVENUE CASABLANCA M HANNECH II,TETOUAN
162023659,PHARMACIE EL FEDDANE,2 AVENUE MOHAMED V,TETOUAN
162005110,PHARMACIE AL HAMAMA,BOULVARD HASSAN II PLACE AL HAMAMA,TETOUAN
162065379,PHARMACIE BEN ABDALUAHAB,209 AVENUE JABAL HAYANE,TETOUAN
162029375,PHARMACIE GRANADA,AVENUE MOHAMED V,M'DIQ
162066906,PHARMACIE ALAQSA,AVENUE CASABLANCA ALAMAL IMM 71,TETOUAN
162065288,PHARMACIE ALABRAR,AVENUE BARRAGE TANSSIFT IMM N 30,TETOUAN
092028984,PHARMACIE GARE CASA VOYAGEURS,"238 ANGLE BOULEVARD BA HMAD, RUE ABOU ABBAS JIRAOUI",CASABLANCA
072023245,PHARMACIE EL BAHJA,237 BLOC EL BAHJA,EL KALAA DES SRAGHNA
162009104,PHARMACIE ALWAFAE,125 LOTISSEMENT AL WAFAE,LARACHE
102065984,PHARMACIE HAY SERGHINI,62 RUE MOUKHTAR SOUSSI,KHEMISSET
082063868,PHARMACIE DU COMPLEXE SPORTIF,225 RUE AL AZHAR HAY AL MAJD,BERKANE
102066768,PHARMACIE LOUKA NESS PHARMA,23 AVENUE MOHAMED VI ROUTE DES ZAERES,RABAT
102030723,PHARMACIE HAY ARRAHMA,39 SECTEUR C HAY ARRAHMA,SALE
102003464,PHARMACIE EL AMANA,349 BLOC N16 SECTEUR 11 HAY ESSALAM,SALE
102034105,PHARMACIE IFRIQUIA,43 AVENUE IFRIQUIA SECT 3 HAY SAFAE KARIA,SALE
092065515,PHARMACIE KHALEF AZZEDINE,13 RUE SIJILMASSA BELVEDERE,CASABLANCA
092041359,PHARMACIE MARCHE DE GROS,676 AVENUE CDE DRISS ELHARTI CITE DJEMAA,CASABLANCA
062060488,PHARMACIE ELHOUCINE,127 HAY EL FARAH,BENSLIMANE
102021433,PHARMACIE NEZHA,COOPERATIVE NAHDA N25,KHEMISSET
092029339,PHARMACIE GOURAUD,142 AVENUE MLY HASSAN 1ER,CASABLANCA
092028554,PHARMACIE FERRARA,WIFAQ 4 RUE 123 LOT 265,CASABLANCA
092036714,PHARMACIE KHOULOUD,"HAY YASMINA 4 RUE 68,N2",CASABLANCA
102004025,PHARMACIE ALBAHJA,"AVENUE AL MAJD, RESIDENCE AL BAHJA, N5‐6, CYM",RABAT
092065473,PHARMACIE ALMADINA ALJADIDA,"LA NOUVELLE MEDINA DE SIDI OTHMANE, RUE DE CHAUSSEE, IMM C, BOULEVARD A, SIDI OTHMANE",CASABLANCA
082064056,PHARMACIE HAY PAM,RUE DAKHLA HAY PAM N102 ZAIO,NADOR
082064072,PHARMACIE BOUNIETE,ROUTE CAP DE EAU QT AFRASS N°20 ZAIO,NADOR
132047606,PHARMACIE OUM ERRABIE,176 BOULVARD MOHAMED V,KHENIFRA
092030949,PHARMACIE HAY EL WIAM,252 BOULVARD H OULFA,CASABLANCA
112059282,PHARMACIE EJJENNANE,2 RUE DOUKKALA EJJENNANE,SAFI
102003084,PHARMACIE ALABRIDI,ROUTE OUTA HSSAINE SALA EL JADIDA,SALE
102065950,PHARMACIE AL FAJR,"LOTISSEMENT BELMILOUD N647, MAJMAA TOLBA",KHEMISSET
132035007,PHARMACIE ITRIE,GRANDE GARE ONCF DE MEKNES,MEKNES
062066105,PHARMACIE OUM KASSER,"51 RUE N°4, BLOC B, HAY LALLA MERIAM II",BENSLIMANE
122028079,PHARMACIE FAIQ,339 AVENUE VINGT AOUT,BENI MELLAL
132038381,PHARMACIE LA ROSEE,"MAGAZIN N 01 ANGLE BOULEVARD MOULAY YOUSSEF ET ABOU ALI BEN RAHAL, VILLE NOUVELLE HAMRIYA",MEKNES
092011022,PHARMACIE ARIJ,"BOULEVARD DAMANE, N 5, CALIFORNIE",CASABLANCA
092046879,PHARMACIE OUED ZEM,"69 BOULEVARD OUED ZEM, QUARTIER JAWADI",CASABLANCA
102063815,PHARMACIE MAJIPHARMA,CENTRE COMMERCIAL LABEL VIE ZAERS,RABAT
092060524,PHARMACIE ALIDRISSI,"7 LOTISSEMENT ANASSI GRANDE EXTENTION, AHL LORHLAM",CASABLANCA
092063304,PHARMACIE LOUBILA,"16 RUE N15 QUARTIER LOUBILA, BOULEVARD ANK, BOURGOGNE",CASABLANCA
102061942,PHARMACIE RHAOUTI,"HOPITAL CHEIKH ZAID, MADINAT AL IRFAN",RABAT
102029691,PHARMACIE EL GUICH,N38 CENTRE COMMERCIAL GUICH L OUDAYA,RABAT
102049343,PHARMACIE PRINTEMPS,"3 AVENUE MED V ET ANGLE RUE BAB TAZA, KARIA OULAD MOUSSA, HAY KIFAH",SALE
132045709,PHARMACIE NOUVELLE,18 AVENUE HASSAN II,MEKNES
142060870,PHARMACIE ALAMANE,"QUARTIER WIAME 1 ET 2 RESD AL AMANE, MASSIRA, BENSOUDA, BLOC A3",FES
132031741,PHARMACIE DE L'HOPITAL,45 HAY ZITOUNE SEBAA AIOUNE,EL HAJEB
042060426,PHARMACIE AFRICAINE,"HAY ADRAR AL BARAKA IMM GH 1, N5 TIKIOUINE",AGADIR
052051166,PHARMACIE ROUTE MEHDIA,134 AZHAROUNE,KENITRA
122029093,PHARMACIE STE GHANEMEDICAL SARL,N468‐470 BOULEVARS BAGHDAD KSAR GHAZAFAT,BENI MELLAL
072011018,PHARMACIE ARIHA,RUE IBEN SINA UNITE II SUPPLEMENTAIRE N67 DAOURIATE,MARRAKECH
092040120,PHARMACIE LISSASFA,"KM9 ROUTE D EL JADIDA, MATCHE LISSASFA, N 72‐73, LISSASFA 2",CASABLANCA
102011301,PHARMACIE ARRAZI,1 LOTISSEMENT ZENFARI RUE TAROUDANT BETTANA,SALE
102001070,PHARMACIE ABID,SECTEUR D N°11 HAY RAHMA,SALE
082059007,PHARMACIE ALFIRDOUS,ROUTE EL AOUNIA HAY OULED YAHYA,OUJDA
162013395,PHARMACIE BAB OKLA,ANGLE MFEDEL ET MOHAMED AMEZIANE,TETOUAN
162058663,PHARMACIE ZOUBAIRI,255 AVENUE BILAL IBN RABAH,TETOUAN
082013723,PHARMACIE BADR,AVENUE HASSAN II LOT BADR BENI DRAR,OUJDA
102041266,PHARMACIE MARASSA,ANGLE AVENUE MISR ET RUE QUOBROS OCEAN,RABAT
082046707,PHARMACIE OUED EDDAHAB,7 BOULEVARD OUED EDDAHAB LAZARET,OUJDA
142025113,PHARMACIE EL MAJD,AVENUE EL KARAOUINE N°23B NARJISS,FES
162013437,PHARMACIE BAB SAIDA,24 RUE SLOUKIA SIDI SAIDI BAB SAIDA,TETOUAN
162051510,PHARMACIE SABRI,145 AVENUE MOHAMED DAOUD,TETOUAN
022026751,PHARMACIE ERRAHA,ROUTE ESMARA STATION ELKHANCHI,LAAYOUNE
122033129,PHARMACIE IBN SINA,178 AVENUE BOURKIA,BENI MELLAL
102021680,PHARMACIE HAY JBALA,"2 AVENUE EL MASSIRA, HAY KIFAH SECTEUR 6, AL KARIA",SALE
102025368,PHARMACIE EL MASSIRA,"336 SECTEUR N3, HAY MASSIRA",TEMARA
102063484,PHARMACIE PRESTIGIA,"RYAD EL ANDALOUS MAGASIN N°1, HAY RIAD",RABAT
142034750,PHARMACIE IRCHAD,"149 HAY AL WIFAQ, ROUTE AIN SMEN",FES
142002302,PHARMACIE AIDA,"190 RUE N°6, HAY EL MANAL, DOUKKARAT",FES
142044056,PHARMACIE MOUNAD,"17 RUE N°1, BLED RAISS, SEHB EL WARD",FES
142064732,PHARMACIE WAFI,"RESIDENCE JAWAHIR OMRANE, MERJA, ZOUAGHA BAS",FES
162043772,PHARMACIE MOSQUE HASSAN II,69 RUE CHAKIB ARSALANE,TETOUAN
162018139,PHARMACIE CHAARA,"HARAT HAY EL MADRASSI BOULEVARD IBN EL MOQAFAA, IMM HAYOUN N° 1",TETOUAN
052050119,PHARMACIE RAYANE,"LOTISSEMENT CORSICA, N°9",KENITRA
082019167,PHARMACIE CHIFAE,"ANGLE RUE RIAD, RUE WIFAQ, HAY SALAM",BERKANE
082016940,PHARMACIE BOUYAKCHER,102 RUE SOUK HEBDOMADAIRE,BERKANE
092030170,PHARMACIE DES HALLES,87 RUE RADI SLAOUI,CASABLANCA
092013911,PHARMACIE BAHJA,"RUE N° 135, BOULEVARD BERRECHID, AIN CHOCK",CASABLANCA
162065072,PHARMACIE NAHDA,"HAY NAHDA II, N°2",LARACHE
082055963,PHARMACIE TENNIS,"ROUTE MAGHNIA, LOT TALHAOUI, A1, N°50",OUJDA
092001064,PHARMACIE ABI REGRAG,ANGLE BOULEVARD ABI REGREG ET RUE 3 OULFA,CASABLANCA
092029800,PHARMACIE HACHAD,"142 RUE N° 5, DERB KOREA",CASABLANCA
132002387,PHARMACIE AIN CHOUBIK,"542 RUE SAKIA LHAMRA AIN CHOUBIK, BMO",MEKNES
102028974,PHARMACIE GARE AGDAL,"GARE ONCF, RABAT AGDAL",RABAT
112037940,PHARMACIE LA PAIX EL JADIDA,1 RUE CHERCHELLE,EL JADIDA
052053147,PHARMACIE SIDI AL BOUKHARI,MAGHRIB ARABI C LOT N°60,KENITRA
052044351,PHARMACIE ABDERRAHMANE NACER,"5 RUE DE TANGER , N°1",KENITRA
052056546,PHARMACIE TOUIJER,"20 RUE HAMMAM LIF, KHABBAZAT",KENITRA
102009719,PHARMACIE AMINA,45 MASROUR 2,TEMARA
042005637,PHARMACIE AL HILAL ALAKHDAR,340 ROUTE BIOUGRA,AIT MELLOUL
162033062,PHARMACIE IBN SINA,299 LOTISSEMENT AL WAFAE,LARACHE
092026095,PHARMACIE EL WAHDA,427 CITE EL WAHDA ALIA,MOHAMMADIA
082064064,PHARMACIE BOUNIETE,"COMPLEXE RES, ANNAKHIL, IMMEUBLE A LOC. AC2, BOULEVARD EL AHRAM",BERKANE
122039100,PHARMACIE LAGHDIRA HAMRA,91 PLACE CAID SALAH,BENI MELLAL
162053037,PHARMACIE SIDI ABDELLAH EL FAKHAR,"M HANNECH II, 2EME TRANCHE AVENUE SEBTA, N°79",TETOUAN
082050626,PHARMACIE RIF,"BOULVARD KADDOUR OUARTASSI MOSQUEE AHMED BNER HAMBEL, N°111, LAZARET",OUJDA
082037433,PHARMACIE LA FOIRE,"HAY MIR ALI, RUE 23, N°103",OUJDA
102022506,PHARMACIE DYAR,9 LOTISSEMENT LONGEIRE AVENUE MED V TABREQUET,SALE
042008987,PHARMACIE AL QODS,98 AKNISS AVENU 20 AOUT,TAROUDANT
092047992,PHARMACIE PALMIER,"RESIDENCE PALMIER, ANGLE BOULEVARD ZERKTOUNI ET BOULEVARD ABDELMOUMEN IMMEUBLE B N°4",MOHAMMADIA
162003727,PHARMACIE AL ANDALUZ,RUE ABDERHIM BOUEBID,FNIDEQ
092050509,PHARMACIE RIAD ANDALOUS,37 RUE N°19 ANDALOUS 5 POLO,CASABLANCA
092040419,PHARMACIE LOUZA,"GROUPEN°1, RUE J, N°55, HAY MOULAY RACHID",CASABLANCA
082048620,PHARMACIE LA POLYCLINIQUE,28 BOULEVARD ECHOUHADA,OUJDA
132066077,PHARMACIE IBN SINA,32 LOTISSEMENT DE MUNICIPALITE,ERRACHIDIA
032031718,PHARMACIE DE L'HOPITAL,181 AVENUE ABOUDA,GUELMIM
102024627,PHARMACIE EL JOULANE,54 HAY NAHDA II EXTENTION EL YOUSSOUFIA,RABAT
052025574,PHARMACIE EL MIRINI,AVENUE HASSAN II LOT CHELHAOUI N°6,SIDI SLIMANE
042029512,PHARMACIE GRANDE MOSQUEE TERRAST,PLACE GRANDE MOSQUEE TARRAST,INEZGANE
092041557,PHARMACIE PUISSANCE PHARMA,6 PLACE SIDI MAAROUF,CASABLANCA
092030592,PHARMACIE HASSINI,"3 IMMEUBLE N°3 PANORAMA 1, AHL LOGHLAM. BERNOUSSI",CASABLANCA
052056421,PHARMACIE TOLBIX,154 BLOC F OULAD OUJIH,KENITRA
102001997,PHARMACIE AGOUMI,"ROUTE DE KENITRA LOT BACHIR II, AVANT LA POSTE ET APRES CARREFOUR",SALE
102010204,PHARMACIE ANDALOUSSI,62 AVENUE MOHAMED V TEMARA CENTRE,TEMARA
092030998,PHARMACIE HAY ESSALAMA,22 BOULEVARD MOHAMED BOUZIANE HAY SALAMA III SIDI OTHMAN,CASABLANCA
092048958,PHARMACIE PORTE D'ANFA,197 BOULVARD BOURGOGNE,CASABLANCA
102063690,PHARMACIE ABOU BAKR SEDDIK,"30 LOTISSEMENT BIS 2 LALA MERYEM, ROUTE MEHDIA",SALE
082007402,PHARMACIE AL MANZAH,"BOULEVARD HASSAN II, SIDI YAHYA",OUJDA
132027830,PHARMACIE EZZAHWA,"228 LOTISSEMENT EZZAHWA, AIN MAOZA",MEKNES
102018017,PHARMACIE CENTRE CHEQUES POSTAUX,"45 AVENUE MOULAY ISMAIL, HASSAN",RABAT
102023827,PHARMACIE ALJAZAA,AVENUE MOHAMED V 75‐77 LAAGZA MEDINA,RABAT
102057643,PHARMACIE YOUSSOUFIA,N 13‐14‐15‐16 CITE YOUSOUFIA,RABAT
082065590,PHARMACIE AFAQ AL AOUNIA,"QUARTIER ALHOUDA, RUE AL IMAM IBN ACHRASS, MOSQUEE ALBADREINNE, N° 1",OUJDA
072053440,PHARMACIE SIDI DAOU,124 DOUAR SIDI DAOU TARGA,MARRAKECH
052064938,PHARMACIE ALKHAWARIZMI,"RUE 20, N°2, QUARTIER NOUVEAU",SIDI KACEM
052008745,PHARMACIE EL KODS,SECTEUR G1 LOT N°106 OULED OUJIH,KENITRA
112024849,PHARMACIE EL KHAIR,61 AVENUE DOUKKALA MOUILHA,EL JADIDA
092037266,PHARMACIE LA CORNICHE,319 BOULEVARD MOULAY YOUSSEF,CASABLANCA
042001933,PHARMACIE AGDZ,N°16‐17 AVENUE MOHAMED V,AGDZ
092021773,PHARMACIE DOUNIA ERAHA,HAY WIFAQ 3 RUE 64 N°299 EL OULFA,CASABLANCA
092016211,PHARMACIE DE BORDEAUX,164 BOULEVARD DE BORDEAUX,CASABLANCA
062066303,PHARMACIE DU QUARTIER ALFARAJ,96 LOTISSEMENT AL FARAJ,BERRECHID
092056308,PHARMACIE TIT MELLIL,"LOTISSEMENT N°13, LOT AMAL, TIT MELILL",CASABLANCA
052062023,PHARMACIE LES URGENCES,AVENUE AL MOUKAWAMA N°3,SIDI SLIMANE
082058637,PHARMACIE ZONE INDUSTRIELLE,"LOTISSEMENT TALHAOUI, N°77, ROUTE D'ALGERIE",OUJDA
092018381,PHARMACIE DE LA CHAOUIA,416 RUE GOULMIMA,CASABLANCA
102004546,PHARMACIE AL FAJR,622 AVENUE MLY ALI CHERIF MASSIRA I,TEMARA
132054016,PHARMACIE SIJILMASSA,"1004 MARJANE 5,SIDI BOUZEKRI",MEKNES
102006988,PHARMACIE AL MAARIF,"SECTEUR 1,N252 LOT 50 HAY MASSIRA 2",TEMARA
152013538,PHARMACIE BAB ZITOUNA,1 AVENUE MOULAY SMAIL BAB ZITOUNA,TAZA
162036537,PHARMACIE KHALLADI,271 RUE KABOUL,TETOUAN
112047113,PHARMACIE OULED AISSA,HAD OULAD AISSA BP 885 PLATEAU,EL JADIDA
162065171,PHARMACIE BAGHDAD,AVENUE MAMOUN JAMAA MEZOUAK N 597,TETOUAN
162066864,PHARMACIE TOURIA,AVENUE OUAD MARTIL RUE N°7,TETOUAN
092064955,PHARMACIE FOUARAT,"23 BOULEVARD FOUARAT C.C QODSII, BERNOUSSI",CASABLANCA
162044283,PHARMACIE M'SALAH KDIMA,58 AVENUE MSALAH KDIMA,TETOUAN
62059308,PHARMACIE LA SANTE,171 BOULEVARD 3 MARS EL KHEIR,SETTAT
082018854,PHARMACIE ACHIFAE,"BOULEVARD HASSAN II, BENI DRAR",OUJDA
092033893,PHARMACIE IBTISSAMA,"BLOC N°67,N43 MANSOUR3,SIDI BERNOUSSI",CASABLANCA
052063880,PHARMACIE BELLA,BOUTIQUE B9 MARJANE,KENITRA
082065582,PHARMACIE AZZAHRAE,16 RUE MOHAMED BENOUDA HAY ALANDA LOUIS,OUJDA
122063464,PHARMACIE SOUK SEBT,"6 BOULEVARD HASSAN II, SOUK SEBT",FQUIH BEN SALAH
072035603,PHARMACIE JNANE,"318 LOTISSEMENT BIS SYBA III, SIDI YOUSSEF BEN ALI",MARRAKECH
102009321,PHARMACIE ALWASSAT,33 AVENUE HASSAN II. TABRIQUET,SALE
162039382,PHARMACIE LALLA MANNANA,52 AVENUE MOHAMMED V,LARACHE
092021518,PHARMACIE DISPENSAIRE,"110 RUE BACHIR BELHOUCINE JAMILA 4, SBATA",CASABLANCA
102012143,PHARMACIE ATLAS,142 AVENUE MOHAMED V,KHEMISSET
092022391,PHARMACIE DU TAC,"BOULEVARD BIRANZARANE, MARCHE DERBEGALLEF A COTE SNACK AMINE",CASABLANCA
142064377,PHARMACIE NOUR EL HOUDA,"AVENUE ISRAAE, N146 YAH EL AMAL, NARJESS, ROUTE DE SEFROU",FES
052007929,PHARMACIE EL MASSIRA,"38 AVENUE MOULAY ISMAIL, QUARTIER RMEL",OUEZZANE
152031845,PHARMACIE DE L'HOPITAL,56 BOULEVARD OUED EL DAHAB,TAOUNATE
152013413,PHARMACIE BAB RIH,50 RUE RIAD AZNAK,TAZA
092045327,PHARMACIE THOMAS,"286 RESIDENCE DALIA, OULAD GHALIA, SIDI MOUMEN",CASABLANCA
092010917,PHARMACIE LES ARCADES,"3 RUE ROUISSI, ROUTE EL JADIDA, OASIS",CASABLANCA
162050462,PHARMACIE RIAD,"AVENUE MOULAY MOHAMED BEN ABDELLAH, N°124",LARACHE
102063997,PHARMACIE HAY ENNAHDA,"1 RUE AIN HAROUDA, SECT 5, HAY NAHDA, KARIAT OULED MOUSSA",SALE
092010867,PHARMACIE AOURIR,"52 RUE LAGRAMTA, OASIS",CASABLANCA
082019464,PHARMACIE CHRIF,13 LOTISSEMENT NAKHIL BOULEVARD ABDERRAHIM BOUABID,OUJDA
102057684,PHARMACIE DES ZAERS,"COMPLEXE SUPER SOUISSI, AVENUE MOHAMMED VI",RABAT
082013558,PHARMACIE BABEL,"67 BOULEVARD TAHA HOUSSEIN, HAY EL KHATTABI",NADOR
062063128,PHARMACIE MOHAMED V,31 BOULEVARD MOHAMED V,OUED ZEM
072013816,PHARMACIE BAGHDAD,"117 DERB JAMAA LEKBIR, SIDI YOUSSEF BEN ALI",MARRAKECH
162013387,PHARMACIE BAB NOUADER,131 AVENUE LAYOUN,TETOUAN
052043635,PHARMACIE MOHSSINE,"107 AL MAGHREB AL ARABI, B EXTENSION",KENITRA
092025188,PHARMACIE EL MANAL,"320 BOULEVARD OUM ERRABII, EL OULFA",CASABLANCA
102050028,PHARMACIE RANIA,RUE ATTAMAR SECTEUR 3 N°9 RESIDENCE RAHMA HAY RIAD,RABAT
092055839,PHARMACIE TAYEB,"25 RUE DERB ASSALAMA, N°27 CITE DJEMAA",CASABLANCA
032015828,PHARMACIE GUELMIM,212 PLACE BIR ANZARANE,GUELMIM
042058891,PHARMACIE AL ATLAS,"28 BLOC E, AMICALES DES FONCTIONNAIRES",TIZNIT
042000273,GRANDE PHARMACIE D'IGHERM,IGHERM CENTRE,TAROUDANT
152057147,PHARMACIE AL OUAHDA,20 RUE AL OUAHDA,IMZOUREN
142006287,PHARMACIE AL IRFANE,"AVENUE EL KHATIB, ROUTE AIN CHKEF",FES
082005893,PHARMACIE EL MOUNA,"BOULEVARD HASSAN II RUE MOHAMED ZEGHRAOUI, N 24",OUJDA
112019781,PHARMACIE COMMERCIALE,"LOTISSEMENT ENNAJD, IMMEUBLE E, N°4, ROUTE DE LA GARE",EL JADIDA
082064296,PHARMACIE MY BAGHDAD,"ROUTE PRINCIPALE NADOR, MELILIA, B.P 159, BENI AMOUR",NADOR
162043384,PHARMACIE MLY YOUSSEF,50 BOULEVARD MOULAY YOUSSEF,TANGER
082063066,PHARMACIE AGDAL,172 BOULEVARD BRAHIM ROUDANI,OUJDA
102058179,PHARMACIE DES ZEMMOURS,365 BOULEVARD MOHAMMED V,KHEMISSET
042042184,PHARMACIE MEKKA,"IMMEUBLE IBN ZOHR, N 21, HAY SIDI YOUSSEF",AGADIR
162022172,GRANDE PHARMACIE DU NORD,11 BOULEVARD MOHAMMED V,TETOUAN
162049118,PHARMACIE PRINCIPALE,159 AVENUE MOULAY EL HASSAN,MARTIL
142006006,PHARMACIE AL IKHLASSE,"KOUFA 85, ZOHOUR II, ROUTE DE SEFROU",FES
162064992,PHARMACIE AL MANAR,"MOSQUE MOULAY HASSAN, LOT AL MANAR1, LOCAL N°1",LARACHE
052034741,PHARMACIE IRCHAD,"177 AVENUE AL MASSIRA, SAKNIA",KENITRA
052043486,PHARMACIE MODERNE,"ANGLE RUES JBALA ET LOUBNANE, LA VILLE HAUTE",KENITRA
162058739,PHARMACIE ZOUMI,ZOUMI CENTRE,ZOUMI
092009224,PHARMACIE AL WAHDA,"RUE DR MOHAMED BOUAFI, JAMILA 2. N°3 CITE DJAMAA",CASABLANCA
132060971,PHARMACIE ENNAKHIL,"N 4, RUE EL MOURABITINE TINEJDAD",ERRACHIDIA
092044981,PHARMACIE NASSER,"RUE 48, 11. HAY AL MASJID. SIDI MAARPUF 4",CASABLANCA
142013762,PHARMACIE BADR,"ROUTE AIN SMEN, CITE ADARISSA",FES
142064518,PHARMACIE DEMNATI,"HAY GRIOU, BLOC B, ZOUAGHA HAUTE",FES
142037324,PHARMACIE DE LA CROIX VERTE,112 BOULEVARD MOHAMMED V,FES
082062563,PHARMACIE AL ISRAA,"N 5 ET 6 MOSQUEE AL BOUCHRAA HAY EL FATH 2, LAZARET",OUJDA
062018379,PHARMACIE CHAOUIA,182 AVENUE MOULAY ISMAIL,BERRECHID
072052228,PHARMACIE SALMA,"LOTISSEMENT ZERKTOUNI, 1436 BOUAAKKAZ MHAMID",MARRAKECH
072032253,PHARMACIE IBN AL AOUAM,"N 31‐32 DOUKKALA II, MASSIRA I",MARRAKECH
162067276,PHARMACIE ASSALAM,"51 AVENUE IBN HODAYFA, KHANDAK ZERBOUH, HAOUMAT MKABAR",TETOUAN
162067300,PHARMACIE JININE,79 HAY AGHATTAS,FNIDEQ
092067248,PHARMACIE TOUATI,"RIAD SOFIA T2, M1, LISSASFA",CASABLANCA
062067491,PHARMACIE MOUJAMAA EL KHEIR,"AVENUE LES ROSES N399, MOUJAMAA EL KHEIR BP 114",SETTAT
022067482,PHARMACIE EL MUSTAPHA,35 AVENUE HASSAN II,LAAYOUNE
162067268,PHARMACIE MIRAMAR,"AVENUE MIRAMAR, AVENUE MOULAY RACHID",MARTIL
072067010,PHARMACIE ABDEDDAIM,"OULAD YAGOUB, SIDI MOUSSA",EL KALAA DES SRAGHNA
082067455,PHARMACIE CENTRE CULTUREL,7 RUE TOUAT,OUJDA
122066996,PHARMACIE RAM,"BLOC C, N23, RES BELLE VUE",BENI MELLAL
102067592,PHARMACIE CONSEIL,"AMIL ESSALAM, LOT 210",KHEMISSET
072041205,PHARMACIE MANISS,"12 MERSTANE III, AMERCHICH",MARRAKECH
112063003,PHARMACIE CALIFORNIA,7 LOTISSEMENT EL MASSIRA,EL JADIDA
092042191,PHARMACIE MEKKA,27 LOTISSEMENT GRINI I,MOHAMMADIA
162056394,PHARMACIE TNANA,294 AVENUE HASSAN II,TETOUAN
112026893,PHARMACIE ERRAZI,627 HAY PAM,SIDI BENNOUR
082006941,PHARMACIE ALLAL EL FASSI,"ROUTE TADRET, LOT BENABDELMOUMEN N 71",OUJDA
092000975,PHARMACIE ABDESSAMAD,"HAY AL AZHAR, ZONE 14, BLOC 12, N 4 ET 5, AHL LOGHLAM",CASABLANCA
162067292,PHARMACIE EL AZAMI,"AVENUE MOUKHTAR SOUSSI, N 383",TETOUAN
62031059,PHARMACIE HAY KARIM,"BOULEVARD HASSAN II, HAY KARIM BLOC D, N 3",BENSLIMANE
102040896,PHARMACIE AL MAGHRIB AL ARABI,1684 AVENUE AL ADARISSA MASSIRA II,TEMARA
112019476,PHARMACIE CHRIF LIOUI,"16 RUE DU SOUK, SIDI ABDELKRIM",SAFI
162056501,PHARMACIE TOUEBLA,"10 RUE OUED SOUSS, TOUEBLA",TETOUAN
122018997,PHARMACIE TASAMET PHARM,"QUARTIER DCHIRA, RUE 1, N 12",BENI MELLAL
092044312,PHARMACIE MURDOCHE,17 RUE DU PARC,CASABLANCA
152059515,PHARMACIE MSALLA,LOTISSEMENT MSALLA N1 TAZA HAUT,TAZA
92003268,PHARMACIE AL AHRAM,"106 BOULEVARD MAKDAD LAHRIZI, CITE DJEMAA",CASABLANCA
102057783,PHARMACIE ZAHRA,HAY ZAHRA,KHEMISSET
102027323,PHARMACIE ESSAFAE,"33 LOTISSEMENT ESSAFAE, AL MANSOUR DAHBI",TEMARA
142013234,PHARMACIE BAB EL MAKAM,4 RUE YOUSSEF BEN TACHFINE,SEFROU
082062498,PHARMACIE FARKHANA,DOUAR IJOUHRATA FARKHANA,NADOR
042066050,PHARMACIE ADRAR,171 AVENUE BIR ANZARANE,TINGHIR
022049241,PHARMACIE PRINCIPALE,58 AVENUE IDRISS 1ER,LAAYOUNE
092020940,PHARMACIE DENNAY,"MAGASIN N°1 ET 3, DYAR ESSAADA, SIDI MOUMEN",CASABLANCA
112026562,PHARMACIE ENNOUR,77 BIS AVENUE JAMAL EDDINE AFGHANI HAY ESSAADA,EL JADIDA
102027497,PHARMACIE ESSALAMA,2 AVENUE MOHAMED V,TEMARA
162066773,PHARMACIE AL AMAL,768 LOTISSEMENT CHAABANE II,LARACHE
112015847,PHARMACIE BIR ANZARANE,447 LOTISSEMENT MOUILHA,EL JADIDA
082007238,PHARMACIE AL MAKDIS,"89 BOULEVARD AL MAKDIS, AL QODS",OUJDA
142067974,PHARMACIE LYCEE TECHNIQUE,"74 LOTISSEMENT HAJAR, RUE TANTA ZOHOR 2",FES
142067966,PHARMACIE MACHAE ALLAH,ROUTE IMOUZAR OULED TAYEB,FES
142067941,PHARMACIE FES SAIS,"MAGASIN N 4, LOT 41, LOT YASMINE, ROUTE D’IMMOUZARE",FES
102068061,PHARMACIE SOUK,"9 LOTISSEMENT ACTIVITES PROFESSIONELLE, HAY NASR, AIN AOUDA",TEMARA
132067927,PHARMACIE ROUTE SEFITA,"12 RESIDENCE SIJILMASSA, AVENUE MOHAMED VI",MEKNES
132068032,PHARMACIE AL QODS ARIAD,"56 AVENUE IBN ZAYDOUNE, RIAD",MEKNES
142026269,PHARMACIE AL YOUSR,COMPLEXE ESSALAM ROUTE D'IMOUZZER,FES
152066205,PHARMACIE AL HILAL,"RUE SIDI ABID, N 105",AL HOCEIMA
082015314,PHARMACIE BENQACHOUR,"BOULEVARD HASSAN II, N°12",OUJDA
052067683,PHARMACIE MASJID ARRAHMA,"BLOC H, N155 OULED OUJIH",KENITRA
122015951,PHARMACIE BISMILLAH,"53 BOULEVARD DES FAR HAY MASSIRA II, BLOC N 10",BENI MELLAL
082058199,PHARMACIE ZENATI,"F24, LOT MSARDI, DEM LAZARET",OUJDA
092016815,PHARMACIE BOURGOGNE,341 BOULEVARD ZERKTOUNI,CASABLANCA
142032606,PHARMACIE IBN KHALDOUN,"BOULEVARD KARAOUIENE, NARJISS C",FES
132007329,PHARMACIE AL MANAR,"MAG 7,8,9 IMMA6,A7 RESIDENCE AL MANAR 1",MEKNES
162034730,PHARMACIE IRCHAD,"3 LOTISSEMENT AL AOUAMA, B,P 4045",TANGER
062035738,PHARMACIE JORIO,"BOULEVARD HASSAN II, N 14",BENSLIMANE
102064185,PHARMACIE TARIK IBN ZIAD,"STAR LAH 1, MAGASIN N 3",TEMARA
082048158,PHARMACIE DU PARC,"MASJID AL OUMMA, CITE AL MASSIRA, N°15",OUJDA
142028729,PHARMACIE COTEF,"LOTISSEMENT AL FATH N°4 ERAC, SIDI BRAHIM",FES
082032723,PHARMACIE IBN ROCHD,"N70,72 AVENUE DES FAR",NADOR
092017144,PHARMACIE CADUCEE,337 BOULEVARD MOHAMMED V,CASABLANCA
122067341,PHARMACIE AL MADHAR,"QUARTIER OUM DHAR, BLOC 19, N13",BENI MELLAL
162061378,PHARMACIE AL RAYAN,"581 LOTISSEMENT AL MAGHREB EL JADID, RESIDANCE BEN DAOUD",LARACHE
062065891,PHARMACIE ZINEB,"686 IMMEUBLE SALAM, HAY EL FELLINE",BENSLIMANE
072050552,PHARMACIE RIAD SALAM,"381 SAADA 6, MHAMID",MARRAKECH
052011954,PHARMACIE ASWAK ASSALAM,"N2‐3, CENTRE ASWAK ASSALAM",KENITRA
102030095,PHARMACIE HAJJI,46 RUE EL HADDADINE,SALE
102012002,PHARMACIE ATHENES,"BOULEVARD ABDERRAHIM BOUABID, SALA AL JADIDA",SALE
102020161,PHARMACIE DAHAB,72 BIS AVENUE HAJ HASSAN AKKARI,RABAT
072054885,PHARMACIE SUP DE CO,"26 AVENUE DE SAFI, RES YOUSSEF BEN TACHFINE",MARRAKECH
112005038,PHARMACIE AL GHAZWA,37 LOTISSEMENT CHARKAOUA III,EL JADIDA
112063425,PHARMACIE CITE UNIVERSITAIRE,"135 LOTISSEMENT KAWTAR, BP 3363 PRINCIPALE",EL JADIDA
152039731,PHARMACIE LBALADIYA,110 RUE SFAX HAY AL MAGREB AL ARABI,TAZA
072005622,PHARMACIE AL HILAL,"J1, J4 OPERATION IZIKI 2 AZLI SUD",MARRAKECH
072049489,PHARMACIE QORTOBA,77 LOTISSMENT ZERKTOUNI BOUAKAZ MHAMID,MARRAKECH
022049563,PHARMACIE RABAB,82 AVENUE AL BAAT HAY EL QODS,LAAYOUNE
102002466,PHARMACIE AIN AOUDA,1 AVENUE SOUK TNINE AIN AOUDA,TEMARA
092066331,PHARMACIE MASJID AL ANDALOUS,MUNICIPALITE AHL LOGHLAM ANASSI 24,CASABLANCA
102063781,PHARMACIE CARRE SANTE BEAUTE,AVENUE MEHDI BEN BARKA CHAUMIERE 1 N2 HAY RIAD,RABAT
102004124,PHARMACIE AL BARAKA,26 RUE OULED HRIZ AVIATION,RABAT
042062075,PHARMACIE EL FILAHA,HAY AIT BARRA CITY EL FILAHA,TINGHIR
072056575,PHARMACIE TOUKRAM,"LOTISSEMENT SAADA II N772, MHAMID",MARRAKECH
102062262,PHARMACIE LES ARCEAUX,SORTIE DES ARCEAUX ROUTE DE KENITRA,SALE
072047699,PHARMACIE OUM RABII,"MASSIRA III, BLOC C, N 466",MARRAKECH
092037134,PHARMACIE LA BRISE,"38 RUE ABOU ABBAS EL AZFI, MAARIF",CASABLANCA
072065824,PHARMACIE TOUBKAL,QUARTIER ADMINISTRATIF,TAHANAOUT
092060086,PHARMACIE RIAD EL OULFA,"LOTISSEMENT RIAD EL OULFA GROUPE 5, LOCAL N 241/243, EL OULFA, DAR BOUAZZA",CASABLANCA
092043884,PHARMACIE MOUBARAKA,"6 BLOC N 1, HAY MOUBARAKA, AL QODS BERNOUSSI",CASABLANCA
132067257,PHARMACIE AIT SGOUGOU,37 BOULEVARD MOULAY RACHID,MRIRT
142003516,PHARMACIE TALBI,"10 AVENUE ARRAHMA, NARJIS D",FES
052009388,PHARMACIE AL WIDAD,"LOTISSEMENT ISMAILIA, N 1435",KENITRA
112037361,PHARMACIE LA FAMILLE,53 LOTISSEMENT SIDI MOUSSA,EL JADIDA
122057482,PHARMACIE EL YASSAMINE,141 BOULEVARD ALLAL BEN ABDELLAH,FQUIH BEN SALAH
102038197,PHARMACIE LA PROVINCE,"3 LOTISSEMENT ARCHANE, RUE AL QODS",KHEMISSET
082026295,PHARMACIE EL YOUSR,LOTISSEMENT KADA HOUCINE HAY RIADI N°26,OUJDA
092024306,PHARMACIE EL HOUDA,"19 BOULEVARD LAMARTINE, 2 MARS",CASABLANCA
092046424,PHARMACIE OTMANI,"114 RUE N 20, HAY MASSIRA II, BOURNAZEL",CASABLANCA
082044173,PHARMACIE MOUSTAOUSSAF AL HALFA,"RUE EL FALAH, CITE ATTAKADDOUM, N 1376",TAOURIRT
142050434,PHARMACIE RIAD,N° 5/6 RUE EL ABED EL FASSI AV IBN KHATIB,FES
082046822,PHARMACIE OUED NACHEF,10 RUE MOULAY YOUSSEF,OUJDA
062033865,PHARMACIE IBTISSAM,52 RUE MOULAY YOUSSEF,BENSLIMANE
102041498,PHARMACIE BOUREGREG,"CENTRE COMMERCIAL MARGANE BOUREGREG, RUE AZILAL, QUARTIER HASSAN",RABAT
132065525,PHARMACIE OUED CHORFA,"116 ROUTE MOULAY ALI CHRIF, RISSANI",ERRACHIDIA
072041775,PHARMACIE MASSI,"36 BIS ARSAT BOU MANKHAR, SIDI YOUSSEF BEN ALI",MARRAKECH
042063735,PHARMACIE PARIS,"MAGASIN N23, IMMEUBLE 6, PROGRAMME DARNA, RUE TALAT TIKIOUINE",AGADIR
142066042,PHARMACIE EL KARAM,"37 RUE BIS N°6, LOT NAJAH DHAR, EL KHAMISS",FES
162058945,PHARMACIE ASSALAM,LOTISSEMENT ASSALAM N°54,LARACHE
142064716,PHARMACIE ALAE ARRAHMANE,"LOTISSEMENT RIAD NARJES, AVENUE MERMORTE N°13 ROUTE DE SEFROU",FES
102007051,PHARMACIE AL MAGHRIB AL ARABI,"AVENUE AL MAGHREB AL ARABI, N 21‐23",RABAT
042013581,PHARMACIE BACHOUCH,"EXTENTION DAKHLA, N445",AGADIR
082004623,PHARMACIE AL FARABI,5 BOULEVARD MOHAMED V,NADOR
152007423,PHARMACIE AL MANZAH,20 RUE MOHAMED HASSAN OUAZZANI,AL HOCEIMA
052067139,PHARMACIE SAOUMAA,"RUE N2, RES HAMZA BLOC5, N°5",KENITRA
092026608,PHARMACIE ENNOUR,"219 BOULEVARD ABOU DAR GHAFARI, LOT TARIK, SIDI BERNOUSSI",CASABLANCA
112008388,PHARMACIE AL MOUTANABI,68 LOTISSEMENT CHEMS SAADA 3,EL JADIDA
092057579,PHARMACIE YASSINE,19 RUE DE LILLE BELVEDERE,CASABLANCA
032068496,PHARMACIE ROUTE D'IFNI,415 BOULEVARD HASSAN II,GUELMIM
162068480,PHARMACIE BENCHEKROUN,"LOTISSEMENT AL WIKAYA, LOT N 71 A, BOULEVARD AL AZHAR",TETOUAN
132068594,PHARMACIE CENTRALE IJERRI,"AIT MESSAOUD, ASSOCIATION ENNASR, CENTRA RES IJERRI, CAIDAT SEBT JAHJOUH, CERCLE D AGOURI",EL HAJEB
092068402,PHARMACIE BELHOUJI,"ANASSI EXTENTION GH 116 ENT 06,N102 AHL LOGHLAM",CASABLANCA
132068305,PHARMACIE IBN TOFAIL,NASSIM1 TRANCHE 2 N°116 MARJANE,MEKNES
112066857,PHARMACIE LA PLEIADE,"BOULEVARD U, N1, LOTISSEMENT AL FIRDAOUS, HAY MATAR",EL JADIDA
132067893,PHARMACIE PHARMASSAL,800 LOTISSEMENT AL MANSOUR,MEKNES
102047230,PHARMACIE OULED GHANEM,203 LOTISSEMENT AIN LATARISS,SKHIRATE
102063674,PHARMACIE DU DISPENSAIRE,"LOTISSEMENT SAID HAJJI, AVENUE TOUBKAL, N1842, ROUTE DE KENITRA‐SALE",SALE
042068544,PHARMACIE DU SOUK,393 PLACE DE LA RESISTANCE SOUK TAHRI,TINGHIR
102064045,PHARMACIE ROCHDI,HAY MAAMOURA SECT 4 N°5 MASSIRA II,TEMARA
132067901,PHARMACIE PHARMASSAL.M,"ASSAKINA 1, IMMEUBLE N 3, MAG 3, RIAD TOULAL II",MEKNES
142014836,PHARMACIE BENDEBBAB,14 KISSARIAT BIS BOUCHOUIHA BENDEBBAB,FES
092057801,PHARMACIE ZAHRA,AVENUE DU MAGHREB ARABE KM 17 AIN HARROUDA,MOHAMMADIA
132068222,PHARMACIE AL MASJID,14 RUE IMAM BOUKHARI,GOULMIMA
102060712,PHARMACIE LA MURAILLE,"14 AVENUE IBN TOUMARET, LES ORANGERS AGDAL",RABAT
122068042,PHARMACIE BISMI ALLAH,BOULEVARD DAKHLA,ZAOUIAT CHEIKH
092049659,PHARMACIE RABII,LOTISSEMENT HOUDA AVENUE MOHAMED BILAFRIJ N44‐46 SIDI MOUMEN,CASABLANCA
112037411,PHARMACIE LA FAMILLE,"AVENUE DES FAR, IMMEUBLE A3, N 12‐13",SIDI BENNOUR
102020542,PHARMACIE DAR ESSALAM,"607 HAY ENNAHDA N 1, TAKADDOUM",RABAT
062003405,PHARMACIE AL AMAL,BOULEVARD MOHAMMED V N 189,OUED ZEM
142031665,PHARMACIE DE L'HOPITAL,2 RUE MOHAMED DIOURI V.N,FES
162048375,PHARMACIE PASTEUR,3 PLACE DE France,TANGER
82055328,PHARMACIE TAKADDOUM,534 BD BIS MLY ABDELLAH QUARTIER TAKADDOUM,TAOURIRT
162068167,PHARMACIE TAMOUDA,HAY LOUHA ROUTE DE CHEFCHAOUN KM 2,TETOUAN
102054285,PHARMACIE DOUNIA SOLEIL,16 ZANKAT DAR EL BEIDA HASSAN,RABAT
112008800,PHARMACIE ALQODS,230 HAY BIS EL WAHDA 3 QUARTIER AL QODS,YOUSSOUFIA
102068368,PHARMACIE BELHASSAN LOUAZANI,129 AV ALAOYINE LOTISSEMENT RIAD,KHEMISSET
132068529,PHARMACIE RIAD TOULAL,I 122 RIAD TOULAL,MEKNES
102028610,PHARMACIE LA FIDELITE,AV MEHDI BEN BERKA SECTEUR 11 BLOC D N15 HAY RYAD,RABAT
102061058,PHARMACIE KENZI,LOT 4420 AL WIFAK,TEMARA
92015486,PHARMACIE BENTALEB,DERB ALKOUDIA RUE 22 N10 CITE DJAMAA,CASABLANCA
52027430,PHARMACIE ESSALAM,BLOC 10 LOT 63 N222 HAY SALAM,SIDI SLIMANE
92000900,PHARMACIE ABDELLATIF,BD MOHAMED ZEFZEF LOT AL HADIKA SIDI MOUMEN,CASABLANCA
112066246,PHARMACIE SAFIA,7 LOT 6 DERB NAFDA SIDI ABDELKRIM,SAFI
22008593,PHARMACIE ALOUM,62 LOT ERAC HAY AL MASSIRA,LAAYOUNE
142013143,PHARMACIE BAB BOUJLOUD,PLACE BAB BOUJLOUD MEDINA,FES
72035355,PHARMACIE JASMIN,1139 SOCOMA,MARRAKECH
142067362,PHARMACIE ADDOHA,73 BLOC A ACOTE DU COLLEGE IDRISSI1,FES
62054523,PHARMACIE SOUISSI,AV ALLAL EL FASSI QUARTIER NAHDA N150‐154,KHOURIBGA
92010321,PHARMACIE ANISSA,312 LOTISSEMENT ZOUBIR,CASABLANCA
162067284,PHARMACIE HAY AL KALAA,AV IMAM MALIK PASS N12 N10 HAY AL KALAA,M'DIQ
102063740,PHARMACIE FATIMA AZZOUZI,10 IMM N12 RESIDENCE RIAD FES AV TARIK IBN ZIAD,TEMARA
92062314,PHARMACIE AL FATIHA,"N°3 KHALIL,RUE SANHAJA,HAY MOHAMMADI",CASABLANCA
22068696,PHARMACIE EL MAZMOUR,"LOT ERRAHA AVENUE ABDERAHMAN IBN ABI BAKKER, N 204",LAAYOUNE
82051459,PHARMACIE SABAHI,HAY PAM SIDI YAHYA RUE 1 PARTE 4,OUJDA
82046111,PHARMACIE OMAR RIFFI,27 ANGLE OMAR SLAOUI ET MOHAMED DIOURI,OUJDA
102060340,PHARMACIE MECCA,AVENUE AILANTHUS SECTEUR 23 RESIDENCE LES CHENES HAY RIAD,RABAT
82037524,PHARMACIE DE LA GARE,1 BOULEVARD EL HANSALI,OUJDA
92016864,PHARMACIE DE LA BOURSE,117 BOULEVARD MOHAMMED V,CASABLANCA
62031000,PHARMACIE HAY HASSANI,239 AVENUE HASSAN II,BERRECHID
62068200,PHARMACIE AL MANZAH,"5 IMMEUBLE A,LOT EL MANZEH LOT ERRABII",BERRECHID
102061835,PHARMACIE ALMAARID,"AVENUE MOULAY ABDELLAH LOCAL 397, CENTRE COMMERCIAL SALA AL JADIDA",SALE
42036335,PHARMACIE KELAA M'GOUNA,78 AVENUE MOHAMED V,EL KELAA M'GOUNA
152067849,PHARMACIE AKNOUL,HAY EL MASSIRA N1,TAZA
142068725,PHARMACIE RACHIDIA 3,"MAGASIN N33 LOT RACHIDIA 3, ROUTE AIN CHKEF",FES
92034651,PHARMACIE DE L'INDUSTRIE,"80 BOULEVARD CHEFCHAOUNI KM11,5 QUARTIER INDUSTRIEL SIDI BERNOUSSI",CASABLANCA
82017773,PHARMACIE CENTRALE,55 BD ALLAL BEN ABDELLAH,OUJDA
132068644,PHARMACIE AVENUE DE L'HOPITAL,1 DAR AL ATFAL SIDI SAID,MEKNES
132007832,PHARMACIE AL MASSIRA,5 AVENUE KHALID IBN OUALID,MEKNES
92027606,PHARMACIE ESSEHA,1 RUE N108 HAY ESSALAMA1,CASABLANCA
102067675,PHARMACIE ANNAIM,RESIDENCE ANNAIM GROUPE ADDOHA IMM 29 TABRIQUET,SALE
102065034,PHARMACIE SABI,144 LOTISSEMENT SABI SECTEUR NAHDA LAAYAYDA,SALE
92029156,PHARMACIE GHARBI,AMAL 4 RUE 28 N71 SIDI BERNOUSSI,CASABLANCA
102057692,PHARMACIE DES ZAERS,406 NAHDA I,ROMMANI
62028428,PHARMACIE FATIMA,RUE OKBA IBNOU NAFIA,BERRECHID
92044346,PHARMACIE NABILA,13 LOT GHIZLANE ANGLE BOULEVARD FOUARAT ET OULAD ZIANE HAY TISSIR,CASABLANCA
42068866,PHARMACIE ERRAZI,DOUAR DRAYED ROUTE NATIONAL N1,BIOUGRA
62038336,PHARMACIE LA RESISTANCE,23 BD HASSAN II CITE KARIM,BENSLIMANE
122015035,PHARMACIE BENI MOUSSA,AV DES FAR 192,BENI MELLAL
102063096,PHARMACIE LE MAGHREB ARABE,LOTISSEMENT VILLA 1223 N4 SALA AL JADIDA,SALE
72038797,PHARMACIE LA VICTOIRE,N789 UNITE 4 DAOUDIATE,MARRAKECH
42043653,PHARMACIE MOKHTAR SOUSSI,10 RUE DE LHOPITAL,TIZNIT
102020906,PHARMACIE DE VILLE,193 RUE OUED SEBOU HAY ZAHRA,KHEMISSET
72068877,PHARMACIE MORAKAB SOUK LKHMISS,N1 COMPLEXZ SPORTIF BAB LKMISS,MARRAKECH
42068783,PHARMACIE LAMINE,157 BLOC H LOT ARGANA,AIT MELLOUL
72020589,PHARMACIE DAR TALEB,COMPLEXE DAR TALEB FACE FACULTE MEDECINE,MARRAKECH
42068791,PHARMACIE NOUVELLE,"N3 BLOC E , ARGANA",AIT MELLOUL
92049311,PHARMACIE DES PRINCIPAUTES,HAY AL AZHAR SIDI BERNOUSSI,CASABLANCA
42068858,PHARMACIE JARDINS DE SOUSS,IMM N50 COM25 RES LES JARDINS DE SOUSS,AGADIR
4205219,PHARMACIE SALAM,BD MESSAOUD AL OUIFKAOUI CITE SALAM,AGADIR
132068917,PHARMACIE TOUHAMA,N70 LOT NAIM,MEKNES
162065155,PHARMACIE ALMATAR,AV MEHDI BEN BARKA RUE AL FARAH N32,TETOUAN
92004340,PHARMACIE AL BOUCHRA,HAY MASSIRA II RUE 44 N° 79 BEN MSIK,CASABLANCA
52013984,PHARMACIE BALSAM,RUE N57 N2975 CITE AMAL SAKNIA,KENITRA
102003076,PHARMACIE ALABAWAYNE,222 AV ALAMIR SIDI MOHAMMED SECTEUR 3 HAY ASSAFAE,SALE
142066919,PHARMACIE DE LA GARE,12 AV HASSAN II CITE BIR ANZARANE,MISSOUR
42068957,PHARMACIE IZOUIKA,KASBAT IZOUIKA COMMUNE RURAL EL MAADIR,TIZNIT
162068936,PHARMACIE HAY AL BOUGHAZ,HAY AL BOUGHAZ RUE 3 N°9 MOUWADIFINE,TANGER
162013676,PHARMACIE BADR,AVENUE MASSIRA N°45,TETOUAN
92060722,PHARMACIE ATTENMIA,RESIDENCE SOUFIANE IMM B2 N1 SIDI MAAROUF,CASABLANCA
82016502,PHARMACIE BOUDLAL,ROUTE SIDI YAHYA BD MOHMED ABDELKRIM,OUJDA
42061788,PHARMACIE AL FADILIA,2 LOTISSEMENT NADDER BD MED V,OUARZAZATE
162009112,PHARMACIE AL WAFAE,AV BIR ANZARANE N43,KSAR EL KEBIR
82054909,PHARMACIE SYAGHA,IMPASSE MAAZOUZI KISSARIAT ALJ N12,OUJDA
92014174,PHARMACIE BAYT AL FATH,6 RESIDENCE BAYT AL FATH QUARTIER BEAUSITE AIN SBAA,CASABLANCA
52034808,PHARMACIE LES IRIS,LOTISSEMENT EL HAWZIA BLOC A 28,KENITRA
92028711,PHARMACIE FELEMING,275 ROUTE LA MECQUE,CASABLANCA
112018882,PHARMACIE CHIFAE,248 RUE MLY BOUCHAIB,AZEMMOUR
92062991,PHARMACIE ARAFAT,GH11 IMM 6 N°1 LOTISSEMENT AL AEHAR SIDI MOUMEN,CASABLANCA
62007521,PHARMACIE AL MASJID,RUE YACOUB EL MANSOUR ILL DES HONOUS,BERRECHID
42030908,PHARMACIE HAY EL MERS,28 HAY BIS EL MERS DCHEIRA JIHADIA,INEZGANE
92021765,PHARMACIE DOUNIA,"JAMILA V RUE 145,N108‐108 BIS CITE DJEMAA SBATA",CASABLANCA
132062357,PHARMACIE EL MAMOUNIA,ROUTE DE FES REDIDENCE FADWA,MEKNES
52061827,PHARMACIE BELMEJDOUB,ANGLE RUE 26 ET 4 VILLE NOUVELLE,SIDI KACEM
52068509,PHARMACIE BISMI ALLAH,245 AV MED DIOURI OP ESSADA HAY ESSALAM,SOUK EL ARBAA
162061188,PHARMACIE DU STADE MUNICIPAL,64 LOT AL KHADRA,LARACHE
132008236,PHARMACIE AL MOUNA,346 ALM EXTENTION 6 EL BASSATINE,MEKNES
